STT,Tài khoản,Chức năng,Thời gian,Nền tảng,Hệ điều hành,Ban,Vai trò,IP
1,huyanh,Story,14:07:42 21/09/2026,WEB,Windows,Tech,Trưởng/Phó ban,c118bd00aaba8ef2f46927339630d76c
2,hoangyen,Story,13:54:55 21/09/2026,WEB,MacOS,Ngôi sao,Phóng viên,fc266d1a95cd59670b088be4d9043527
3,nguyenle,Story,13:53:16 21/09/2026,WEB,Windows,Giáo dục,Phóng viên,ba7a0f91739bfcc96c82e5b0b852a921
4,lehuyen,Story,13:52:15 21/09/2026,WEB,MacOS,Video,Trưởng/Phó ban,7a4eb950e42b1d23bd73968f151078f1
5,lehuyen,Story,13:52:06 21/09/2026,APP,iOS,Video,Trưởng/Phó ban,bc2fdc593c8c696ff4774162afc87830
6,nguyenhai,Story,13:50:32 21/09/2026,WEB,Windows,SD,BBT,e692adaa99a483e8207d3f005cecd81b
7,baothanh,Story,13:44:13 21/09/2026,WEB,Windows,Thế giới,Trưởng/Phó ban,cf2f4b7ac83c8b7b51cfd178a35a46ad
8,hoangyen,Story,13:42:07 21/09/2026,WEB,MacOS,Ngôi sao,Phóng viên,fc266d1a95cd59670b088be4d9043527
9,trangnguyen,Story,13:37:38 21/09/2026,WEB,MacOS,Kinh doanh,Phóng viên,72b44462a8c113fc55907babffe70d02
10,nhuquynh,Story,13:37:27 21/09/2026,WEB,MacOS,Ảnh,Phóng viên,e7721ca934203aca090e78b4c4a8ca99
11,hoangthong,Story,13:30:38 21/09/2026,APP,,Thể thao,Phóng viên,0
12,phuongdong,Story,13:19:44 21/09/2026,WEB,MacOS,Kinh doanh,Phóng viên,9633b9d268fe027faa2e82d4b8721e7a
13,lephuong,Story,13:00:08 21/09/2026,WEB,MacOS,Sức khỏe,Phóng viên,dd29b5ff0218e2b571ebee3e697219e8
14,lephuong,Story,12:57:13 21/09/2026,WEB,MacOS,Sức khỏe,Phóng viên,dd29b5ff0218e2b571ebee3e697219e8
15,hoangthong,Story,12:53:12 21/09/2026,APP,,Thể thao,Phóng viên,0
16,phamlinh,Story,12:33:01 21/09/2026,WEB,Windows,Ngôi sao,Phóng viên,043e38d0d04a86e2f6935247463a1c1d
17,phamlinh,Story,12:22:02 21/09/2026,WEB,Windows,Ngôi sao,Phóng viên,043e38d0d04a86e2f6935247463a1c1d
18,hoangyen,Story,12:06:24 21/09/2026,WEB,MacOS,Ngôi sao,Phóng viên,fc266d1a95cd59670b088be4d9043527
19,xuantuyen,Story,12:06:23 21/09/2026,WEB,Windows,Sức khỏe,Trưởng/Phó ban,c2e57e3a5f822281cb7dc4530fdd78ee
20,phamlinh,Story,11:46:52 21/09/2026,WEB,Windows,Ngôi sao,Phóng viên,043e38d0d04a86e2f6935247463a1c1d
21,wms_phongvien,Story,11:24:15 21/09/2026,WEB,MacOS,Test WMS,Phóng viên,1e32f7a71f06bfcf7644e5a7acf41594
22,hangthu,Story,11:23:26 21/09/2026,WEB,MacOS,Spotlight,Trưởng/Phó ban,ecc3f0d08ce1d21e7b5e8fc986267ae6
23,xuantuyen,Story,11:22:20 21/09/2026,WEB,Windows,Sức khỏe,Trưởng/Phó ban,c2e57e3a5f822281cb7dc4530fdd78ee
24,xuantuyen,Story,11:21:31 21/09/2026,WEB,Windows,Sức khỏe,Trưởng/Phó ban,c2e57e3a5f822281cb7dc4530fdd78ee
25,tuanhoang,Story,11:20:17 21/09/2026,WEB,MacOS,English,Phóng viên,d3bc08c3d674817e21acb5ce4bb91acb
26,thanhlan,Story,11:18:29 21/09/2026,WEB,Windows,Kinh doanh,Trưởng/Phó ban,358ba212e09b6d7942f25d9ddca4fce5
27,haphuong,Story,11:17:37 21/09/2026,WEB,Windows,Sức khỏe,Phóng viên,c9254293080b4574e7d185fc8c69f155
28,dodau,Story,11:14:56 21/09/2026,WEB,Windows,Sức khỏe,Phóng viên,11f93dd61d7269097733da9dea8d42be
29,nguyenhai,Story,11:07:57 21/09/2026,WEB,Windows,SD,BBT,e692adaa99a483e8207d3f005cecd81b
30,nguyenhai,Story,11:06:32 21/09/2026,WEB,Windows,SD,BBT,e692adaa99a483e8207d3f005cecd81b
31,xuantuyen,Story,11:01:57 21/09/2026,WEB,Windows,Sức khỏe,Trưởng/Phó ban,c2e57e3a5f822281cb7dc4530fdd78ee
32,dinhgiang,Story,11:00:29 21/09/2026,WEB,Windows,Thế giới,Phóng viên,beec8e8607b9b3172d6625f1afb47bd8
33,trananh,Story,10:54:08 21/09/2026,WEB,Windows,Ngôi sao,Trưởng/Phó ban,114a8f6d42dbc8a748bf9caa53d97d0a
34,hoanganh,Story,10:51:28 21/09/2026,WEB,Windows,Giải trí,Trưởng/Phó ban,b62ed7e7e018b173910475fc60d9d4db
35,kienhuy,Story,10:47:58 21/09/2026,WEB,Windows,SD,BBT,2fa9c0a88f8f62314c566c059b82bd9f
36,tuanhoang,Story,10:45:35 21/09/2026,WEB,MacOS,English,Phóng viên,d3bc08c3d674817e21acb5ce4bb91acb
37,thanhhang,Story,10:41:46 21/09/2026,WEB,Windows,Giáo dục,Phóng viên,afee2f7f3db101ae091b2d3419c9fa0b
38,tuanhoang,Story,10:38:51 21/09/2026,WEB,MacOS,English,Phóng viên,d3bc08c3d674817e21acb5ce4bb91acb
39,hoanganh,Story,10:34:24 21/09/2026,WEB,Windows,Giải trí,Trưởng/Phó ban,b62ed7e7e018b173910475fc60d9d4db
40,huyanh,Story,10:33:48 21/09/2026,WEB,Windows,Sức khỏe,Trưởng/Phó ban,07ffba76d6483d2582d7faad022fcbd2
41,haphuong,Story,10:33:43 21/09/2026,WEB,Windows,Sức khỏe,Phóng viên,c9254293080b4574e7d185fc8c69f155
42,huyanh,Story,10:33:37 21/09/2026,WEB,Windows,Tech,Trưởng/Phó ban,07ffba76d6483d2582d7faad022fcbd2
43,xuantuyen,Story,10:33:19 21/09/2026,WEB,Windows,Sức khỏe,Trưởng/Phó ban,c2e57e3a5f822281cb7dc4530fdd78ee
44,anhngoc,Story,10:06:51 21/09/2026,WEB,MacOS,Sức khỏe,Phóng viên,c1d1456e16fdadf4bd26052a6a529782
45,nguyenhai,Story,10:02:23 21/09/2026,WEB,Windows,SD,BBT,e692adaa99a483e8207d3f005cecd81b
46,xuantuyen,Story,10:01:34 21/09/2026,WEB,Windows,Sức khỏe,Trưởng/Phó ban,c2e57e3a5f822281cb7dc4530fdd78ee
47,thugiang,Story,10:00:11 21/09/2026,WEB,Windows,Ngôi sao,Phóng viên,82fb18fbbe56125b3d3702740c4a3a02
48,huyanh,Story,09:56:55 21/09/2026,WEB,Windows,Tech,Trưởng/Phó ban,07ffba76d6483d2582d7faad022fcbd2
49,hoangthong,Story,09:53:09 21/09/2026,APP,,Thể thao,Phóng viên,0
50,hoangthong,Story,09:53:09 21/09/2026,APP,,Thể thao,Phóng viên,0
51,huyanh,Story,09:49:40 21/09/2026,WEB,Windows,Tech,Trưởng/Phó ban,07ffba76d6483d2582d7faad022fcbd2
52,tuanhoang,Story,09:47:02 21/09/2026,WEB,MacOS,English,Phóng viên,d3bc08c3d674817e21acb5ce4bb91acb
53,thanhlam,Notifications,09:44:50 21/09/2026,APP,App Android,Pháp luật,Phóng viên,417cc16bdce8741ba62a81ccb5e1b631
54,thanhlam,Notifications,09:44:47 21/09/2026,APP,App Android,Pháp luật,Phóng viên,417cc16bdce8741ba62a81ccb5e1b631
55,nhutrang,Story,09:43:23 21/09/2026,WEB,Windows,Thời sự Hà Nội,Trưởng/Phó ban,196754045a31d6d18ee498bf59b4029b
56,dodau,Story,09:43:13 21/09/2026,WEB,Windows,Sức khỏe,Phóng viên,11f93dd61d7269097733da9dea8d42be
57,hathu,Story,09:41:31 21/09/2026,WEB,Windows,Kinh doanh,Phóng viên,96581379a8ed6b6088204b3f6e154f2f
58,vothanh,Story,09:38:09 21/09/2026,APP,Android,Thời sự Hà Nội,Phóng viên,10.1.26.8
59,vothanh,Story,09:37:37 21/09/2026,APP,Android,Thời sự Hà Nội,Phóng viên,10.1.26.8
60,hongminh,Story,09:33:17 21/09/2026,WEB,Windows,Ngôi sao,Phóng viên,65aaf0744b8c83b62e3eb3ad6b4a41f2
61,nguyengiang,Story,09:29:26 21/09/2026,WEB,Windows,Ngôi sao,Trưởng/Phó ban,c57ffde67c67926b9a61635907c9ab9d
62,trangnguyen,Story,09:27:12 21/09/2026,WEB,MacOS,Kinh doanh,Phóng viên,72b44462a8c113fc55907babffe70d02
63,hoangthong,Story,09:23:45 21/09/2026,APP,,Thể thao,Phóng viên,0
64,dinhgiang,Story,09:23:21 21/09/2026,WEB,Windows,Thế giới,Phóng viên,beec8e8607b9b3172d6625f1afb47bd8
65,dodau,Story,09:19:55 21/09/2026,WEB,Windows,Sức khỏe,Phóng viên,11f93dd61d7269097733da9dea8d42be
66,hoangthong,Story,09:07:56 21/09/2026,APP,,Thể thao,Phóng viên,0
67,lephuong,Story,09:07:40 21/09/2026,WEB,MacOS,Sức khỏe,Phóng viên,dd29b5ff0218e2b571ebee3e697219e8
68,lephuong,Story,09:06:26 21/09/2026,WEB,MacOS,Sức khỏe,Phóng viên,dd29b5ff0218e2b571ebee3e697219e8
69,hoangyen,Story,09:00:08 21/09/2026,WEB,Windows,Ngôi sao,Phóng viên,2ba65ea679043c0ad0efe601b845a606
70,wms_phongvien,Story,08:58:38 21/09/2026,WEB,Windows,Test WMS,Phóng viên,eb86852c6c0a6b1225e6911c871d7e3a
71,viettuan,Story,08:56:39 21/09/2026,APP,iOS,Thời sự Hà Nội,Phóng viên,10.1.26.8
72,thanhlam,Notifications,08:55:40 21/09/2026,APP,App Android,Pháp luật,Phóng viên,417cc16bdce8741ba62a81ccb5e1b631
73,thanhlam,Notifications,08:55:28 21/09/2026,APP,App Android,Pháp luật,Phóng viên,417cc16bdce8741ba62a81ccb5e1b631
74,phamyen,Story,08:47:19 21/09/2026,WEB,Windows,Ngôi sao,Phóng viên,3e6892d7c8b0b91386aefc55bdeaaf56
75,hoanganh,Story,08:46:09 21/09/2026,WEB,Windows,Giải trí,Trưởng/Phó ban,b62ed7e7e018b173910475fc60d9d4db
76,dangkhoa,Story,08:32:16 21/09/2026,APP,Android,Thời sự Hồ Chí Minh,Phóng viên,10.94.26.9
77,dangkhoa,Story,08:30:34 21/09/2026,APP,,Thời sự Hồ Chí Minh,Phóng viên,0
78,trunghieu,Story,08:29:45 21/09/2026,APP,iOS,Thời sự Hồ Chí Minh,Trưởng/Phó ban,95c2299904e82c222537d8a64abf57e2
79,nhutam,Story,08:28:07 21/09/2026,WEB,Windows,Thế giới,Phóng viên,0c30b1cfc658aaad49a5150e2e35b298
80,hoanganh,Story,08:26:55 21/09/2026,WEB,Windows,Giải trí,Trưởng/Phó ban,b62ed7e7e018b173910475fc60d9d4db
81,trananh,Story,08:26:40 21/09/2026,APP,App Android,Ngôi sao,Trưởng/Phó ban,8a2e21348f7334d613d69121c73f10c5
82,luuha,Story,08:26:37 21/09/2026,WEB,MacOS,Góc nhìn,Trưởng/Phó ban,266216cf699c6bacb298cfc6bea8f2b3
83,dinhgiang,Story,08:26:00 21/09/2026,WEB,Windows,Thế giới,Phóng viên,beec8e8607b9b3172d6625f1afb47bd8
84,lehuyen,Story,08:25:43 21/09/2026,WEB,MacOS,Video,Trưởng/Phó ban,7a4eb950e42b1d23bd73968f151078f1
85,phuonghoang,Story,08:25:39 21/09/2026,WEB,Windows,Thế giới,Phóng viên,b52e4a9bfb00325a0634864e3ab02d70
86,xuanbinh,Story,08:21:22 21/09/2026,APP,,Thể thao,Phóng viên,0
87,lehuyen,Story,08:20:12 21/09/2026,WEB,MacOS,Video,Trưởng/Phó ban,7a4eb950e42b1d23bd73968f151078f1
88,trunghieu,Story,08:19:58 21/09/2026,APP,iOS,Thời sự Hồ Chí Minh,Trưởng/Phó ban,95c2299904e82c222537d8a64abf57e2
89,lehuyen,Story,08:18:00 21/09/2026,WEB,MacOS,Video,Trưởng/Phó ban,7a4eb950e42b1d23bd73968f151078f1
90,huyanh,Story,08:17:40 21/09/2026,WEB,Windows,Tech,Trưởng/Phó ban,07ffba76d6483d2582d7faad022fcbd2
91,thanhlan,Story,08:17:37 21/09/2026,WEB,MacOS,Kinh doanh,Trưởng/Phó ban,cbee334e98e83252093e07a5103f5f71
92,xuantuyen,Story,08:17:18 21/09/2026,WEB,Linux,Sức khỏe,Trưởng/Phó ban,246d079c250e5af6167085c57546d65d
93,doanmanh,Story,08:16:35 21/09/2026,APP,Android,Thể thao,Trưởng/Phó ban,dd30689a7a9dcda0dda6dea6d5ab5df2
94,doanmanh,Story,08:16:27 21/09/2026,APP,Android,Thể thao,Trưởng/Phó ban,dd30689a7a9dcda0dda6dea6d5ab5df2
95,phuongnguyen,Story,08:16:00 21/09/2026,WEB,Windows,Sức khỏe,Trưởng/Phó ban,7b9bc7ed590049ea8f36bde04038641a
96,phuongnguyen,breaking_news,08:15:56 21/09/2026,WEB,Windows,Sức khỏe,Trưởng/Phó ban,7b9bc7ed590049ea8f36bde04038641a
97,phuongnguyen,statistics,08:15:53 21/09/2026,WEB,Windows,Sức khỏe,Trưởng/Phó ban,7b9bc7ed590049ea8f36bde04038641a
98,phuongnguyen,Story,08:15:48 21/09/2026,WEB,Windows,Sức khỏe,Trưởng/Phó ban,7b9bc7ed590049ea8f36bde04038641a
99,phuongnguyen,Story,08:15:36 21/09/2026,WEB,Windows,Sức khỏe,Trưởng/Phó ban,7b9bc7ed590049ea8f36bde04038641a
100,thuquynh,Story,08:13:50 21/09/2026,WEB,Windows,Tia sáng,Trưởng/Phó ban,8bfd9e853b32facf4a3584a056cb1192
101,huyphong,Story,08:13:30 21/09/2026,APP,iOS,Thời sự Hồ Chí Minh,Phóng viên,10.1.26.8
102,thuquynh,Story,08:13:09 21/09/2026,WEB,Windows,Tia sáng,Trưởng/Phó ban,8bfd9e853b32facf4a3584a056cb1192
103,baothanh,Story,08:13:05 21/09/2026,WEB,Windows,Thế giới,Trưởng/Phó ban,cf2f4b7ac83c8b7b51cfd178a35a46ad
104,danhnt24,Story,08:13:04 21/09/2026,WEB,Windows,Tech,Trưởng/Phó ban,298ea75f8b087d9b9a0e9f9254ee708e
105,thuquynh,Story,08:13:02 21/09/2026,WEB,Windows,Tia sáng,Trưởng/Phó ban,8bfd9e853b32facf4a3584a056cb1192
106,lehuyen,Story,08:12:54 21/09/2026,WEB,MacOS,Video,Trưởng/Phó ban,7a4eb950e42b1d23bd73968f151078f1
107,thuytrang,Story,08:12:26 21/09/2026,WEB,Windows,Du lịch,Trưởng/Phó ban,8d793ae8c92da1b91327fe8ce8351de6
108,thuytrang,Story,08:12:21 21/09/2026,WEB,Windows,SD,Trưởng/Phó ban,8d793ae8c92da1b91327fe8ce8351de6
109,thanhtan,Story,08:12:16 21/09/2026,APP,,Thời sự Hà Nội,Phóng viên,0
110,thuytrang,Story,08:12:00 21/09/2026,WEB,Windows,SD,BBT,8d793ae8c92da1b91327fe8ce8351de6
111,anhlan,Story,08:11:57 21/09/2026,WEB,Windows,Giáo dục,Trưởng/Phó ban,de0a2ff214f35ea87025fe203eb0c443
112,thuquynh,Story,08:11:33 21/09/2026,WEB,Windows,Tia sáng,Trưởng/Phó ban,8bfd9e853b32facf4a3584a056cb1192
113,huyanh,Story,08:11:09 21/09/2026,WEB,Windows,Tech,Trưởng/Phó ban,a94e9be4b37317e55aa60336b8ccf2b1
114,baothanh,Story,08:11:08 21/09/2026,WEB,Windows,Thế giới,Trưởng/Phó ban,cf2f4b7ac83c8b7b51cfd178a35a46ad
115,thuyngan,Story,08:10:39 21/09/2026,WEB,MacOS,Podcast,Trưởng/Phó ban,648dc7303418265b1b5c522a1eb0210c
116,nhutam,Story,08:09:01 21/09/2026,WEB,Windows,Thế giới,Phóng viên,2b4eeaa754c7138717f44bd2ffeba9a5
117,vanphu,Story,08:08:59 21/09/2026,APP,,Video,Phóng viên,0
118,duchuy,Story,08:08:55 21/09/2026,WEB,Windows,Xe,Trưởng/Phó ban,d56e40221dad974472f728078b4f41b6
119,baothanh,Story,08:08:20 21/09/2026,WEB,Windows,Thế giới,Trưởng/Phó ban,cf2f4b7ac83c8b7b51cfd178a35a46ad
120,baothanh,Story,08:08:19 21/09/2026,WEB,Windows,Thế giới,Trưởng/Phó ban,cf2f4b7ac83c8b7b51cfd178a35a46ad
121,truongthuy,Story,08:08:09 21/09/2026,WEB,MacOS,Kinh doanh,Phóng viên,3f686e8462d454b929c5668556bdcd16
122,lehuyen,Story,08:06:32 21/09/2026,WEB,MacOS,Video,Trưởng/Phó ban,7a4eb950e42b1d23bd73968f151078f1
123,tamphan,Story,08:05:58 21/09/2026,WEB,Windows,Thế giới,Phóng viên,4270beb0459b60ef20fbdee49ab54dbd
124,huyanh,Story,08:05:55 21/09/2026,WEB,Windows,Tech,Trưởng/Phó ban,a94e9be4b37317e55aa60336b8ccf2b1
125,lehuyen,statistics,08:05:48 21/09/2026,WEB,MacOS,Video,Trưởng/Phó ban,7a4eb950e42b1d23bd73968f151078f1
126,tuyetmai,Story,08:05:08 21/09/2026,APP,iOS,Pháp luật,Trưởng/Phó ban,c409edf825b8d5876e0cf077146bb661
127,haiduyen,Story,08:04:54 21/09/2026,WEB,MacOS,Pháp luật,Phóng viên,83dc5ed4ef7990d211a4a40fc3f91f6b
128,tuyetmai,Story,08:04:44 21/09/2026,APP,iOS,Pháp luật,Trưởng/Phó ban,c409edf825b8d5876e0cf077146bb661
129,trinhhoang,Story,08:04:45 21/09/2026,APP,iOS,Video,Phóng viên,bb20ec1cbac32358d152fa4c2b512104
130,thanhnga,Story,08:04:42 21/09/2026,WEB,Windows,Pháp luật,Trưởng/Phó ban,158a4ff98658027304783b39de170025
131,huyanh,Story,08:04:40 21/09/2026,WEB,Windows,Tech,Trưởng/Phó ban,a94e9be4b37317e55aa60336b8ccf2b1
132,thanhlan,Story,08:03:59 21/09/2026,WEB,Windows,Kinh doanh,Trưởng/Phó ban,358ba212e09b6d7942f25d9ddca4fce5
133,nguyendiem,Story,08:03:09 21/09/2026,APP,,Kinh doanh,Phóng viên,0
134,congkhang,Story,08:02:29 21/09/2026,APP,,Video,Phóng viên,0
135,thanhlam,Story,08:02:12 21/09/2026,APP,App Android,Pháp luật,Phóng viên,417cc16bdce8741ba62a81ccb5e1b631
136,lehuyen,Story,08:02:02 21/09/2026,WEB,MacOS,Video,Trưởng/Phó ban,7a4eb950e42b1d23bd73968f151078f1
137,gianganh,Story,08:01:15 21/09/2026,APP,,Thời sự Hồ Chí Minh,Phóng viên,0
138,xuantuyen,Story,08:00:47 21/09/2026,WEB,Windows,Sức khỏe,Trưởng/Phó ban,c2e57e3a5f822281cb7dc4530fdd78ee
139,tuanviet,Story,08:00:08 21/09/2026,APP,,Video,Phóng viên,0
140,annhon,Story,07:59:34 21/09/2026,WEB,Windows,Ảnh,Trưởng/Phó ban,98aa038f51ef1390ffbcec265fe7c5bd
141,kienhuy,Story,07:59:28 21/09/2026,WEB,Windows,SD,BBT,2fa9c0a88f8f62314c566c059b82bd9f
142,annhon,Story,07:59:25 21/09/2026,WEB,Windows,SD,Trưởng/Phó ban,98aa038f51ef1390ffbcec265fe7c5bd
143,annhon,Story,07:59:18 21/09/2026,WEB,Windows,SD,BBT,98aa038f51ef1390ffbcec265fe7c5bd
144,trangnguyen,Story,07:59:11 21/09/2026,WEB,MacOS,Kinh doanh,Phóng viên,72b44462a8c113fc55907babffe70d02
145,viethung,Story,07:58:48 21/09/2026,APP,,Kinh doanh,Phóng viên,0
146,phuongthuy,Story,07:58:44 21/09/2026,WEB,Windows,Khoa học công nghệ,Trưởng/Phó ban,80334bfcaeccd1cff3ccf6900622661e
147,vulinh,Story,07:58:35 21/09/2026,APP,Android,Giáo dục,Phóng viên,10.1.26.8
148,tungtruong,Story,07:57:52 21/09/2026,APP,,Ảnh,Phóng viên,0
149,trunghieu,Story,07:56:54 21/09/2026,WEB,Windows,Thời sự Hồ Chí Minh,Trưởng/Phó ban,8241ead76e35f830854608154793b7e0
150,phuongnguyen,Story,07:56:32 21/09/2026,WEB,Windows,Sức khỏe,Trưởng/Phó ban,7b9bc7ed590049ea8f36bde04038641a
151,nhutrang,Story,07:56:30 21/09/2026,WEB,Windows,Thời sự Hà Nội,Trưởng/Phó ban,196754045a31d6d18ee498bf59b4029b
152,hotan,Story,07:54:17 21/09/2026,WEB,MacOS,Xe,Phóng viên,7fc6d22ccda714e1b52fc06cd7a5445f
153,nguyenhai,Story,07:53:59 21/09/2026,WEB,Windows,SD,BBT,e692adaa99a483e8207d3f005cecd81b
154,dinhgiang,Story,07:53:38 21/09/2026,WEB,Windows,Thế giới,Phóng viên,beec8e8607b9b3172d6625f1afb47bd8
155,anhtu,Story,07:53:38 21/09/2026,APP,,Kinh doanh,Phóng viên,0
156,thanhlan,Story,07:53:35 21/09/2026,WEB,Windows,Kinh doanh,Trưởng/Phó ban,358ba212e09b6d7942f25d9ddca4fce5
157,hotan,Story,07:52:47 21/09/2026,WEB,MacOS,Xe,Phóng viên,7fc6d22ccda714e1b52fc06cd7a5445f
158,lenga,Story,07:52:42 21/09/2026,APP,,Sức khỏe,Phóng viên,0
159,duchung,Story,07:52:21 21/09/2026,WEB,MacOS,Thời sự Hà Nội,Phóng viên,f0b250a39dcef615253842bf26a29810
160,duongvan,Story,07:52:16 21/09/2026,WEB,Windows,Giải trí,Trưởng/Phó ban,edae4a47e979c2f3d8610c9911276619
161,vohai,Story,07:52:01 21/09/2026,WEB,MacOS,Thời sự Hà Nội,Phóng viên,a4df5fdbfba55310e20e74ee20ce7568
162,vanloc,Story,07:51:39 21/09/2026,APP,iOS,Video,Phóng viên,10.1.26.8
163,vanloc,Story,07:51:35 21/09/2026,APP,iOS,Video,Phóng viên,10.1.26.8
164,vanloc,Story,07:50:58 21/09/2026,APP,iOS,Video,Phóng viên,10.1.26.8
165,hongphuong,Story,07:50:18 21/09/2026,APP,,Thời sự Hà Nội,Phóng viên,0
166,tuyetmai,Story,07:50:05 21/09/2026,APP,iOS,Pháp luật,Trưởng/Phó ban,c409edf825b8d5876e0cf077146bb661
167,thanhhang,Story,07:48:57 21/09/2026,APP,,Giáo dục,Phóng viên,0
168,minhthuy,Story,07:48:34 21/09/2026,WEB,Windows,Xe,Phóng viên,7162ddeb88b1ece6fe7bd82d65afad69
169,hoangnam,Story,07:48:04 21/09/2026,APP,Android,Thời sự Hồ Chí Minh,Phóng viên,10.1.26.8
170,dangkhoa,Story,07:47:41 21/09/2026,APP,,Thời sự Hồ Chí Minh,Phóng viên,0
171,xuantuyen,Story,07:47:38 21/09/2026,WEB,Windows,Sức khỏe,Trưởng/Phó ban,c2e57e3a5f822281cb7dc4530fdd78ee
172,anhngoc,Story,07:47:37 21/09/2026,APP,,Sức khỏe,Phóng viên,0
173,anhngoc,Story,07:47:35 21/09/2026,APP,,Sức khỏe,Phóng viên,0
174,vivu,Story,07:47:13 21/09/2026,WEB,Windows,English,Trưởng/Phó ban,38f6f82c86d6b412c42bf6a90e8571cf
175,dangkhoa,Story,07:46:37 21/09/2026,APP,,Thời sự Hồ Chí Minh,Phóng viên,0
176,danglinh,Story,07:44:58 21/09/2026,APP,iOS,Giải trí,Phóng viên,10.1.26.8
177,thiha,Story,07:44:27 21/09/2026,APP,Android,Kinh doanh,Phóng viên,10.94.26.9
178,thiha,Story,07:43:42 21/09/2026,APP,,Kinh doanh,Phóng viên,0
179,thiha,Story,07:43:37 21/09/2026,APP,,Kinh doanh,Phóng viên,0
180,thiha,Story,07:43:24 21/09/2026,APP,,Kinh doanh,Phóng viên,0
181,thiha,Story,07:43:19 21/09/2026,APP,,Kinh doanh,Phóng viên,0
182,lyphuong,Story,07:43:04 21/09/2026,APP,,Kinh doanh,Phóng viên,0
183,lehoang,Story,07:42:48 21/09/2026,APP,Android,Thời sự Hà Nội,Phóng viên,10.1.26.8
184,thanhnhan,Story,07:42:29 21/09/2026,APP,iOS,Xe,Phóng viên,10.94.26.9
185,phuoctuan,Story,07:41:55 21/09/2026,WEB,MacOS,Thời sự Hồ Chí Minh,Phóng viên,c6ae8541c7e269a39dc50093582ea95a
186,thanhlan,Story,07:41:44 21/09/2026,WEB,Windows,Kinh doanh,Trưởng/Phó ban,358ba212e09b6d7942f25d9ddca4fce5
187,nguyenhai,Story,07:41:44 21/09/2026,WEB,Windows,SD,BBT,e692adaa99a483e8207d3f005cecd81b
188,nguyenhai,Story,07:40:57 21/09/2026,WEB,Windows,SD,BBT,e692adaa99a483e8207d3f005cecd81b
189,xuantuyen,Story,07:39:13 21/09/2026,WEB,Windows,Sức khỏe,Trưởng/Phó ban,c2e57e3a5f822281cb7dc4530fdd78ee
190,hoangdung,Story,07:37:25 21/09/2026,APP,iOS,Giải trí,Phóng viên,10.94.26.9
191,hoangdung,breaking_news,07:37:19 21/09/2026,APP,iOS,Giải trí,Phóng viên,10.94.26.9
192,dodau,Story,07:34:37 21/09/2026,WEB,MacOS,Sức khỏe,Phóng viên,ad267c941ab59252cacdf3cb55207b2a
193,hoangdung,Story,07:34:28 21/09/2026,APP,iOS,Giải trí,Phóng viên,10.94.26.9
194,minhthuy,Story,07:33:01 21/09/2026,WEB,Windows,Xe,Phóng viên,7162ddeb88b1ece6fe7bd82d65afad69
195,duongtam,Story,07:32:32 21/09/2026,APP,,Giáo dục,Phóng viên,0
196,nguyenthu,Story,07:32:16 21/09/2026,APP,,Giải trí,Phóng viên,0
197,trananh,Story,07:30:57 21/09/2026,WEB,Windows,Ngôi sao,Trưởng/Phó ban,114a8f6d42dbc8a748bf9caa53d97d0a
198,nhuquynh,Story,07:30:07 21/09/2026,WEB,MacOS,Ảnh,Phóng viên,e7721ca934203aca090e78b4c4a8ca99
199,tatdat,Story,07:29:14 21/09/2026,APP,,Kinh doanh,Phóng viên,0
200,trananh,Story,07:24:48 21/09/2026,APP,App Android,Ngôi sao,Trưởng/Phó ban,8a2e21348f7334d613d69121c73f10c5
201,tanhuong,Story,07:24:33 21/09/2026,WEB,Windows,Đời sống,Trưởng/Phó ban,800313cf6182d55ca5f6e6fb7c426358
202,trananh,Story,07:24:33 21/09/2026,APP,App Android,Ngôi sao,Trưởng/Phó ban,8a2e21348f7334d613d69121c73f10c5
203,hathu,Story,07:22:51 21/09/2026,APP,Android,Kinh doanh,Phóng viên,10.1.26.8
204,nguyenhue,Story,07:20:23 21/09/2026,APP,Android,Giải trí,Phóng viên,10.94.26.9
205,trananh,Story,07:18:12 21/09/2026,WEB,Windows,Ngôi sao,Trưởng/Phó ban,114a8f6d42dbc8a748bf9caa53d97d0a
206,thuytrang,Story,07:16:22 21/09/2026,WEB,MacOS,SD,BBT,40758acdc17db093496ed9c26c3d2ee9
207,dacthanh,Story,07:12:55 21/09/2026,APP,Android,Thời sự Hà Nội,Phóng viên,10.1.26.8
208,lephuong,Story,07:10:27 21/09/2026,WEB,MacOS,Sức khỏe,Phóng viên,dd29b5ff0218e2b571ebee3e697219e8
209,phuonganh,Story,07:10:20 21/09/2026,APP,,Du lịch,Phóng viên,0
210,hoanglinh,Story,07:10:09 21/09/2026,APP,,Du lịch,Phóng viên,0
211,bichphuong,Story,07:06:23 21/09/2026,APP,,Du lịch,Phóng viên,0
212,duchoa,Story,07:02:57 21/09/2026,APP,iOS,Thời sự Hồ Chí Minh,Phóng viên,10.94.26.9
213,hoaithu,Story,07:01:34 21/09/2026,APP,iOS,Kinh doanh,Trưởng/Phó ban,4b8afc62fc25a972133fcacbd8a8fe6e
214,hoaithu,Story,07:01:31 21/09/2026,APP,iOS,Kinh doanh,Trưởng/Phó ban,4b8afc62fc25a972133fcacbd8a8fe6e
215,duongvan,Story,07:01:10 21/09/2026,WEB,MacOS,Giải trí,Trưởng/Phó ban,8450e3f229bd8365c1080f2893d53ef5
216,phuongdong,Story,07:00:45 21/09/2026,APP,,Kinh doanh,Phóng viên,0
217,hongminh,Story,06:58:43 21/09/2026,WEB,MacOS,Ngôi sao,Phóng viên,128190a077c1baedee4cad1b4a41d627
218,thuyquynh,Story,06:56:35 21/09/2026,APP,,Sức khỏe,Phóng viên,0
219,hongminh,Story,06:55:33 21/09/2026,WEB,MacOS,Ngôi sao,Phóng viên,128190a077c1baedee4cad1b4a41d627
220,haphuong,Story,06:54:45 21/09/2026,WEB,MacOS,Sức khỏe,Phóng viên,e3d25e200ed10ddc46b6ec0fd4edd4d9
221,haphuong,Story,06:54:35 21/09/2026,WEB,MacOS,Sức khỏe,Phóng viên,e3d25e200ed10ddc46b6ec0fd4edd4d9
222,haphuong,Story,06:54:20 21/09/2026,WEB,MacOS,Sức khỏe,Phóng viên,e3d25e200ed10ddc46b6ec0fd4edd4d9
223,haphuong,Story,06:54:03 21/09/2026,WEB,MacOS,Sức khỏe,Phóng viên,e3d25e200ed10ddc46b6ec0fd4edd4d9
224,haphuong,Story,06:53:09 21/09/2026,WEB,MacOS,Sức khỏe,Phóng viên,e3d25e200ed10ddc46b6ec0fd4edd4d9
225,haphuong,Story,06:52:47 21/09/2026,WEB,MacOS,Sức khỏe,Phóng viên,e3d25e200ed10ddc46b6ec0fd4edd4d9
226,hongminh,Story,06:50:47 21/09/2026,WEB,MacOS,Ngôi sao,Phóng viên,128190a077c1baedee4cad1b4a41d627
227,tranha,Story,06:49:36 21/09/2026,APP,,Thời sự Hà Nội,Phóng viên,0
228,letuyet,Story,06:49:09 21/09/2026,APP,iOS,Thời sự Hồ Chí Minh,Phóng viên,10.94.26.9
229,baoquyen,Story,06:44:15 21/09/2026,APP,iOS,Podcast,Trưởng/Phó ban,ac034d56f36c965b1f4891de7a8a5f6a
230,duongvan,Story,06:40:42 21/09/2026,WEB,MacOS,Giải trí,Trưởng/Phó ban,8450e3f229bd8365c1080f2893d53ef5
231,duongvan,Story,06:40:24 21/09/2026,WEB,MacOS,Giải trí,Trưởng/Phó ban,8450e3f229bd8365c1080f2893d53ef5
232,phamthao,Story,06:40:11 21/09/2026,APP,iOS,Giải trí,Phóng viên,10.94.26.9
233,vanchieu,Story,06:09:03 21/09/2026,APP,,Thời sự Hà Nội,Phóng viên,0
234,trananh,Story,06:00:31 21/09/2026,APP,App Android,Ngôi sao,Trưởng/Phó ban,8a2e21348f7334d613d69121c73f10c5
235,thuquynh,Story,05:58:23 21/09/2026,WEB,Windows,Tia sáng,Trưởng/Phó ban,82770551d17d890897765d4e5ba24f4a
236,trananh,Story,05:52:37 21/09/2026,APP,App Android,Ngôi sao,Trưởng/Phó ban,8a2e21348f7334d613d69121c73f10c5
237,trananh,Story,05:52:18 21/09/2026,APP,App Android,Ngôi sao,Trưởng/Phó ban,8a2e21348f7334d613d69121c73f10c5
238,kienhuy,Story,05:11:33 21/09/2026,WEB,MacOS,SD,BBT,1c75062b60d45d6ac32a526df65e2f51
239,thugiang,Story,01:22:06 21/09/2026,APP,,Ngôi sao,Phóng viên,0
240,nguyentu,Story,00:35:45 21/09/2026,APP,,Du lịch,Phóng viên,0
241,nguyentu,Story,00:34:44 21/09/2026,APP,,Du lịch,Phóng viên,0
242,nguyentu,Story,00:34:06 21/09/2026,APP,,Du lịch,Phóng viên,0
243,giachinh,Story,23:45:48 20/09/2026,APP,Android,Thời sự Hà Nội,Phóng viên,10.1.26.8
244,nguyenanh,Story,23:25:48 20/09/2026,WEB,MacOS,Du lịch,Phóng viên,3dccebc5e3a38c74df5641b9ff3ae146
245,nguyenanh,Story,23:24:39 20/09/2026,WEB,MacOS,Du lịch,Phóng viên,3dccebc5e3a38c74df5641b9ff3ae146
246,nguyenanh,Story,23:23:41 20/09/2026,WEB,MacOS,Du lịch,Phóng viên,3dccebc5e3a38c74df5641b9ff3ae146
247,xuannhat,Story,22:27:59 20/09/2026,APP,,Giải trí,Phóng viên,0
248,duchung,Story,22:05:32 20/09/2026,WEB,MacOS,Thời sự Hà Nội,Phóng viên,919bf2402d7fa51e2baba0595168e0a1
249,nguyengiang,Story,21:51:16 20/09/2026,WEB,Windows,Ngôi sao,Trưởng/Phó ban,a06b93ba6e5429ab8db3848c63bfd1bc
250,phuoctuan,Story,21:28:19 20/09/2026,WEB,MacOS,Thời sự Hồ Chí Minh,Phóng viên,f478008c128d77b79ecfec4db180baaf
251,hoangyen,Story,21:01:08 20/09/2026,APP,,Ngôi sao,Phóng viên,0
252,thanhtan,Story,19:28:39 20/09/2026,WEB,Windows,Thời sự Hà Nội,Phóng viên,2a8564c9c968849ac0243fc4fb8f1d76
253,trangnguyen,Story,18:49:57 20/09/2026,WEB,MacOS,Kinh doanh,Phóng viên,72b44462a8c113fc55907babffe70d02
254,quoctoan,Story,18:16:54 20/09/2026,WEB,MacOS,Thời sự Hồ Chí Minh,Phóng viên,27d8a575f19d6ea42e3b264729920ff4
255,thuquynh,Story,18:13:36 20/09/2026,WEB,Windows,Tia sáng,Trưởng/Phó ban,dee95faf7a8a7b30c3abc7754029ca5d
256,xuannhat,Story,18:12:07 20/09/2026,APP,,Giải trí,Phóng viên,0
257,nhutrang,Story,15:58:59 20/09/2026,APP,App Android,Thời sự Hà Nội,Trưởng/Phó ban,287bef38c40443eefcf32f8dc575aeeb
258,diemhanh,Notifications,13:57:05 20/09/2026,APP,iOS,Podcast,Phóng viên,10.94.26.9
259,diemhanh,Story,13:56:39 20/09/2026,APP,iOS,Podcast,Phóng viên,10.94.26.9
260,diemhanh,Story,13:56:24 20/09/2026,APP,iOS,Podcast,Phóng viên,10.94.26.9
261,diemhanh,Notifications,13:56:14 20/09/2026,APP,iOS,Podcast,Phóng viên,10.94.26.9
262,doanmanh,Story,13:43:27 20/09/2026,APP,Android,Thể thao,Trưởng/Phó ban,dd30689a7a9dcda0dda6dea6d5ab5df2
263,thanhlam,Notifications,13:34:55 20/09/2026,APP,App Android,Pháp luật,Phóng viên,417cc16bdce8741ba62a81ccb5e1b631
264,hotan,Story,11:32:54 20/09/2026,WEB,MacOS,Xe,Phóng viên,7fc6d22ccda714e1b52fc06cd7a5445f
265,hotan,Story,11:09:11 20/09/2026,WEB,MacOS,Xe,Phóng viên,7fc6d22ccda714e1b52fc06cd7a5445f
266,hoangdung,Story,10:50:37 20/09/2026,APP,iOS,Giải trí,Phóng viên,c99872a8c3e9538a4d2c20d05c67d597
267,phamlinh,Story,10:30:17 20/09/2026,APP,iOS,Ngôi sao,Phóng viên,10.1.26.8
268,duchung,Story,10:27:35 20/09/2026,WEB,MacOS,Thời sự Hà Nội,Phóng viên,919bf2402d7fa51e2baba0595168e0a1
269,viettuan,Story,10:19:52 20/09/2026,APP,iOS,Thời sự Hà Nội,Phóng viên,10.1.26.8
270,viettuan,Story,10:19:31 20/09/2026,APP,iOS,Thời sự Hà Nội,Phóng viên,10.1.26.8
271,viettuan,Story,10:17:18 20/09/2026,APP,,Thời sự Hà Nội,Phóng viên,0
272,nhutrang,Story,10:06:40 20/09/2026,WEB,MacOS,Thời sự Hà Nội,Trưởng/Phó ban,1fc85d00258e7c40cd3aedca479b8464
273,duchung,Story,09:58:24 20/09/2026,WEB,MacOS,Thời sự Hà Nội,Phóng viên,919bf2402d7fa51e2baba0595168e0a1
274,anhlan,breaking_news,09:12:53 20/09/2026,APP,App Android,Giáo dục,Trưởng/Phó ban,bfd88ce0d087727951be4e474ef092a9
275,hongminh,Story,07:05:19 20/09/2026,WEB,MacOS,Ngôi sao,Phóng viên,128190a077c1baedee4cad1b4a41d627
276,xuantuyen,Story,06:52:45 20/09/2026,WEB,Linux,Sức khỏe,Trưởng/Phó ban,fce02934b1f3e762e9608e226ef4ade6
277,hongminh,Story,06:47:11 20/09/2026,WEB,MacOS,Ngôi sao,Phóng viên,128190a077c1baedee4cad1b4a41d627
278,tranle,Story,05:07:40 20/09/2026,APP,iOS,Tia sáng,BBT,adfb84d77f373797b43be3acbde5cf34
279,tuanhoang,Story,00:53:58 20/09/2026,WEB,MacOS,English,Phóng viên,d3bc08c3d674817e21acb5ce4bb91acb
280,duchung,Story,22:41:55 19/09/2026,WEB,MacOS,Thời sự Hà Nội,Phóng viên,1ba8b339b9863d5389d1ca3f2e39eabb
281,duchung,Story,22:01:18 19/09/2026,WEB,MacOS,Thời sự Hà Nội,Phóng viên,1ba8b339b9863d5389d1ca3f2e39eabb
282,haphuong,Story,20:59:43 19/09/2026,WEB,MacOS,Sức khỏe,Phóng viên,e3d25e200ed10ddc46b6ec0fd4edd4d9
283,haphuong,Story,20:59:33 19/09/2026,WEB,MacOS,Sức khỏe,Phóng viên,e3d25e200ed10ddc46b6ec0fd4edd4d9
284,haphuong,Story,20:59:22 19/09/2026,WEB,MacOS,Sức khỏe,Phóng viên,e3d25e200ed10ddc46b6ec0fd4edd4d9
285,haphuong,Story,20:54:06 19/09/2026,WEB,MacOS,Sức khỏe,Phóng viên,e3d25e200ed10ddc46b6ec0fd4edd4d9
286,thugiang,Story,17:57:57 19/09/2026,WEB,MacOS,Ngôi sao,Phóng viên,7d9b097a60b946122ef0e098faba70fa
287,thugiang,Story,16:46:25 19/09/2026,WEB,MacOS,Ngôi sao,Phóng viên,7d9b097a60b946122ef0e098faba70fa
288,thugiang,Story,15:50:33 19/09/2026,WEB,MacOS,Ngôi sao,Phóng viên,7d9b097a60b946122ef0e098faba70fa
289,chucly,Story,15:19:52 19/09/2026,APP,Android,Thời sự Hồ Chí Minh,Phóng viên,10.94.26.9
290,thiha,statistics,14:53:34 19/09/2026,WEB,MacOS,Kinh doanh,Phóng viên,354987635b15becfe54c1755fa3223cd
291,thiha,Story,14:53:29 19/09/2026,WEB,MacOS,Kinh doanh,Phóng viên,354987635b15becfe54c1755fa3223cd
292,thiha,Story,14:53:18 19/09/2026,WEB,MacOS,Kinh doanh,Phóng viên,354987635b15becfe54c1755fa3223cd
293,thiha,Story,14:52:13 19/09/2026,WEB,MacOS,Kinh doanh,Phóng viên,354987635b15becfe54c1755fa3223cd
294,thiha,Story,14:51:59 19/09/2026,WEB,MacOS,Kinh doanh,Phóng viên,354987635b15becfe54c1755fa3223cd
295,xuantuyen,Story,14:14:03 19/09/2026,WEB,Linux,Sức khỏe,Trưởng/Phó ban,fce02934b1f3e762e9608e226ef4ade6
296,vothanh,Story,14:12:46 19/09/2026,APP,Android,Thời sự Hà Nội,Phóng viên,10.94.26.9
297,vothanh,Story,14:12:36 19/09/2026,APP,Android,Thời sự Hà Nội,Phóng viên,10.94.26.9
298,vothanh,breaking_news,14:12:22 19/09/2026,APP,Android,Thời sự Hà Nội,Phóng viên,10.94.26.9
299,vothanh,breaking_news,14:12:16 19/09/2026,APP,Android,Thời sự Hà Nội,Phóng viên,10.94.26.9
300,vothanh,Story,14:12:06 19/09/2026,APP,Android,Thời sự Hà Nội,Phóng viên,10.94.26.9
301,vothanh,Notifications,14:12:00 19/09/2026,APP,Android,Thời sự Hà Nội,Phóng viên,10.94.26.9
302,duchung,Story,13:13:59 19/09/2026,WEB,MacOS,Thời sự Hà Nội,Phóng viên,1ba8b339b9863d5389d1ca3f2e39eabb
303,tuanhoang,Story,12:31:51 19/09/2026,WEB,MacOS,English,Phóng viên,d3bc08c3d674817e21acb5ce4bb91acb
304,lehuyen,Story,12:07:25 19/09/2026,WEB,MacOS,Video,Trưởng/Phó ban,e92c43d43f8b21ccb6e3b43f64f45820
305,tuanhoang,Story,12:06:43 19/09/2026,WEB,MacOS,English,Phóng viên,d3bc08c3d674817e21acb5ce4bb91acb
306,phuonghoang,Story,12:03:38 19/09/2026,WEB,Windows,Thế giới,Phóng viên,d8497dcde3e52ec1753efcbe65de7f3a
307,dodau,Story,11:54:54 19/09/2026,WEB,MacOS,Sức khỏe,Phóng viên,068e783e520bc99299459fc0eaa77711
308,phuoctuan,Story,11:36:56 19/09/2026,WEB,MacOS,Thời sự Hồ Chí Minh,Phóng viên,191fad3c539a2eb78868f690430de459
309,hoangdung,Story,11:22:35 19/09/2026,APP,iOS,Giải trí,Phóng viên,c99872a8c3e9538a4d2c20d05c67d597
310,dinhgiang,Story,11:11:44 19/09/2026,WEB,Windows,Thế giới,Phóng viên,c5740e06c4651a0323309c2fe37475da
311,nguyenhai,Story,11:02:43 19/09/2026,WEB,Windows,SD,BBT,0a327a4b270d5ba202d6b032698d49d5
312,lehoang,Story,10:59:13 19/09/2026,WEB,MacOS,Thời sự Hà Nội,Phóng viên,d8c83e22c5765e5b6e073d3930e45512
313,nguyenhai,Story,10:52:09 19/09/2026,WEB,Windows,SD,BBT,0a327a4b270d5ba202d6b032698d49d5
314,hoangyen,Story,10:33:37 19/09/2026,WEB,MacOS,Ngôi sao,Phóng viên,fc266d1a95cd59670b088be4d9043527
315,vuanh,Story,10:26:21 19/09/2026,APP,iOS,Thế giới,Trưởng/Phó ban,c9c2ae1bdf84ec33afbb9f780f394b57
316,vuanh,Story,10:25:40 19/09/2026,APP,iOS,Thế giới,Trưởng/Phó ban,c9c2ae1bdf84ec33afbb9f780f394b57
317,vuanh,Story,10:24:57 19/09/2026,APP,iOS,Thế giới,Trưởng/Phó ban,c9c2ae1bdf84ec33afbb9f780f394b57
318,duchung,Story,10:22:01 19/09/2026,WEB,MacOS,Thời sự Hà Nội,Phóng viên,1ba8b339b9863d5389d1ca3f2e39eabb
319,nguyenle,Story,09:52:13 19/09/2026,WEB,Windows,Giáo dục,Phóng viên,445f4c835a623bbfe039b2d840930c2f
320,banam,Story,09:50:50 19/09/2026,WEB,MacOS,Video,Phóng viên,b7d0364c8f48638cddb8b7149f6d838e
321,minhthuy,Story,09:31:24 19/09/2026,WEB,Windows,Xe,Phóng viên,1922c55ab4878a3e41516a449fd249a1
322,tamphan,Story,09:23:29 19/09/2026,WEB,MacOS,Thế giới,Phóng viên,d04e319b3c6efc57b1fac0da5d6c028e
323,hoangyen,Story,09:23:10 19/09/2026,WEB,MacOS,Ngôi sao,Phóng viên,fc266d1a95cd59670b088be4d9043527
324,tamphan,Story,09:18:24 19/09/2026,WEB,MacOS,Thế giới,Phóng viên,d04e319b3c6efc57b1fac0da5d6c028e
325,quoctoan,Story,09:01:11 19/09/2026,WEB,MacOS,Thời sự Hồ Chí Minh,Phóng viên,27d8a575f19d6ea42e3b264729920ff4
326,ngoctai,Story,08:37:54 19/09/2026,WEB,MacOS,Thời sự Hồ Chí Minh,Phóng viên,dcb6b69e3cdaff170bffee9504a69401
327,xuantuyen,Story,08:36:21 19/09/2026,WEB,Linux,Sức khỏe,Trưởng/Phó ban,fce02934b1f3e762e9608e226ef4ade6
328,haiduyen,Story,08:35:53 19/09/2026,WEB,MacOS,Pháp luật,Phóng viên,83dc5ed4ef7990d211a4a40fc3f91f6b
329,phuoctuan,Story,08:31:40 19/09/2026,WEB,MacOS,Thời sự Hồ Chí Minh,Phóng viên,cda9034e3774fd2fce412d2998ac64a3
330,hoaithu,Story,08:23:26 19/09/2026,WEB,MacOS,Kinh doanh,Trưởng/Phó ban,491f60b4173ccc6202277cf34f587a9f
331,duchoa,Story,08:20:54 19/09/2026,APP,iOS,Thời sự Hồ Chí Minh,Phóng viên,10.1.26.8
332,dangkhoa,Story,08:18:10 19/09/2026,APP,,Thời sự Hồ Chí Minh,Phóng viên,0
333,nguyenquoc,Story,08:18:00 19/09/2026,APP,iOS,Thời sự Hồ Chí Minh,Phóng viên,10.94.26.9
334,huyphong,Story,08:17:19 19/09/2026,APP,,Thời sự Hồ Chí Minh,Phóng viên,0
335,huyphong,Story,08:17:15 19/09/2026,APP,,Thời sự Hồ Chí Minh,Phóng viên,0
336,dinhgiang,Story,08:15:46 19/09/2026,WEB,Windows,Thế giới,Phóng viên,c5740e06c4651a0323309c2fe37475da
337,trunghieu,Story,08:03:11 19/09/2026,WEB,MacOS,Thời sự Hồ Chí Minh,Trưởng/Phó ban,1ddad1b13c13bda52c676bf65b796eb0
338,danglinh,Story,07:59:50 19/09/2026,APP,iOS,Giải trí,Phóng viên,10.94.26.9
339,duongvan,Story,07:45:11 19/09/2026,WEB,MacOS,Giải trí,Trưởng/Phó ban,a7b6a1811356119e836ded9e244be9a5
340,danglinh,Story,07:42:25 19/09/2026,APP,iOS,Giải trí,Phóng viên,10.1.26.8
341,phamthao,Story,07:41:58 19/09/2026,APP,iOS,Giải trí,Phóng viên,10.94.26.9
342,phamthao,Notifications,07:41:42 19/09/2026,APP,iOS,Giải trí,Phóng viên,10.94.26.9
343,xuantan,Story,07:36:28 19/09/2026,APP,,Giải trí,Phóng viên,0
344,xuantan,Story,07:36:22 19/09/2026,APP,,Giải trí,Phóng viên,0
345,xuantuyen,Story,07:34:22 19/09/2026,WEB,Linux,Sức khỏe,Trưởng/Phó ban,fce02934b1f3e762e9608e226ef4ade6
346,thuytrang,Story,07:32:21 19/09/2026,APP,iOS,SD,BBT,032b9ed9ce391ae2ccf31896a769541b
347,duongvan,Story,07:30:26 19/09/2026,WEB,MacOS,Giải trí,Trưởng/Phó ban,a7b6a1811356119e836ded9e244be9a5
348,nguyenhue,Story,07:29:06 19/09/2026,APP,,Giải trí,Phóng viên,0
349,phuonghoang,Story,07:22:03 19/09/2026,WEB,Windows,Thế giới,Phóng viên,d8497dcde3e52ec1753efcbe65de7f3a
350,hoangdung,Story,07:17:44 19/09/2026,APP,iOS,Giải trí,Phóng viên,10.94.26.9
351,xuantan,Story,07:16:56 19/09/2026,APP,,Giải trí,Phóng viên,0
352,hoangdung,Story,07:15:25 19/09/2026,APP,,Giải trí,Phóng viên,0
353,phamthao,Story,07:09:22 19/09/2026,APP,iOS,Giải trí,Phóng viên,10.94.26.9
354,duongvan,Story,07:00:30 19/09/2026,WEB,MacOS,Giải trí,Trưởng/Phó ban,a7b6a1811356119e836ded9e244be9a5
355,duongvan,Story,07:00:17 19/09/2026,WEB,MacOS,Giải trí,Trưởng/Phó ban,a7b6a1811356119e836ded9e244be9a5
356,trinhhuong,Story,07:00:09 19/09/2026,APP,App Android,Ngôi sao,Trưởng/Phó ban,1bb3aa201446b7b9f12c25d3245cbd5e
357,nguyentu,Story,06:58:33 19/09/2026,APP,Android,Du lịch,Phóng viên,10.1.26.8
358,nguyentu,breaking_news,06:58:31 19/09/2026,APP,Android,Du lịch,Phóng viên,10.1.26.8
359,nguyentu,Story,06:57:39 19/09/2026,APP,Android,Du lịch,Phóng viên,10.1.26.8
360,nguyentu,Story,06:57:09 19/09/2026,APP,Android,Du lịch,Phóng viên,10.1.26.8
361,nguyentu,Story,06:48:52 19/09/2026,APP,Android,Du lịch,Phóng viên,10.1.26.8
362,phuonghoang,Story,06:43:18 19/09/2026,WEB,Windows,Thế giới,Phóng viên,d8497dcde3e52ec1753efcbe65de7f3a
363,vuanh,Story,06:30:40 19/09/2026,APP,iOS,Thế giới,Trưởng/Phó ban,c9c2ae1bdf84ec33afbb9f780f394b57
364,vuanh,Story,06:30:32 19/09/2026,APP,iOS,Thế giới,Trưởng/Phó ban,c9c2ae1bdf84ec33afbb9f780f394b57
365,nguyenanh,Story,06:07:04 19/09/2026,WEB,MacOS,Du lịch,Phóng viên,3dccebc5e3a38c74df5641b9ff3ae146
366,nguyenthanh,Story,04:14:14 19/09/2026,APP,iOS,Ảnh,Phóng viên,274b9a7a925c16b0b721faf1f62a5efa
367,nguyenthanh,Story,04:14:04 19/09/2026,APP,iOS,Ảnh,Phóng viên,274b9a7a925c16b0b721faf1f62a5efa
368,nguyenthanh,Story,04:13:59 19/09/2026,APP,iOS,Ảnh,Phóng viên,274b9a7a925c16b0b721faf1f62a5efa
369,luuha,Story,01:40:37 19/09/2026,WEB,MacOS,Góc nhìn,Trưởng/Phó ban,ec841ace7bdcab517fb4817964ca7947
370,nguyenle,Notifications,00:44:04 19/09/2026,APP,Android,Giáo dục,Phóng viên,10.94.26.9
371,nguyenle,Story,00:44:00 19/09/2026,APP,Android,Giáo dục,Phóng viên,10.94.26.9
372,nguyenle,Notifications,00:43:55 19/09/2026,APP,Android,Giáo dục,Phóng viên,10.94.26.9
373,phuonganh,Story,23:24:04 18/09/2026,WEB,Windows,Du lịch,Phóng viên,947a8b4ba91fe9cb798beb14c22e0d1d
374,vulinh,Story,23:22:22 18/09/2026,WEB,Windows,Giáo dục,Phóng viên,f8b67f9129e16f61f156ec79e40078c2
375,phuonganh,Story,23:21:22 18/09/2026,WEB,Windows,Du lịch,Phóng viên,947a8b4ba91fe9cb798beb14c22e0d1d
376,thanhnga,Story,22:53:57 18/09/2026,APP,iOS,Pháp luật,Trưởng/Phó ban,ebd8a1cdc5fdfe0db9ac03100e4b5141
377,hongminh,Story,22:12:13 18/09/2026,WEB,MacOS,Ngôi sao,Phóng viên,128190a077c1baedee4cad1b4a41d627
378,hongminh,Story,22:05:10 18/09/2026,WEB,MacOS,Ngôi sao,Phóng viên,128190a077c1baedee4cad1b4a41d627
379,phuonghoang,Story,21:47:31 18/09/2026,WEB,Windows,Thế giới,Phóng viên,881dcdc031d7c1fbbff2e92382dabd3e
380,duchung,Story,21:44:54 18/09/2026,WEB,MacOS,Thời sự Hà Nội,Phóng viên,628354f41da03253c8e360649894c7e3
381,hoaithu,Story,21:05:32 18/09/2026,WEB,MacOS,Kinh doanh,Trưởng/Phó ban,488d9fadf1be7a22db554df972f59829
382,duchung,Story,19:43:01 18/09/2026,WEB,MacOS,Thời sự Hà Nội,Phóng viên,628354f41da03253c8e360649894c7e3
383,phuoctuan,Story,19:20:21 18/09/2026,WEB,MacOS,Thời sự Hồ Chí Minh,Phóng viên,fafecb0cccafe217aef64ec846416b26
384,phuonghoang,Story,18:50:19 18/09/2026,WEB,Windows,Thế giới,Phóng viên,881dcdc031d7c1fbbff2e92382dabd3e
385,tuanhoang,Story,18:33:43 18/09/2026,WEB,MacOS,English,Phóng viên,d3bc08c3d674817e21acb5ce4bb91acb
386,lehuyen,Story,18:28:58 18/09/2026,WEB,MacOS,Video,Trưởng/Phó ban,e53356be7ae10e1156046eea44582ed7
387,lehuyen,statistics,18:28:57 18/09/2026,WEB,MacOS,Video,Trưởng/Phó ban,e53356be7ae10e1156046eea44582ed7
388,lehuyen,Topic,18:28:51 18/09/2026,WEB,MacOS,Video,Trưởng/Phó ban,e53356be7ae10e1156046eea44582ed7
389,lehuyen,Story,18:27:33 18/09/2026,WEB,MacOS,Video,Trưởng/Phó ban,e53356be7ae10e1156046eea44582ed7
390,letung,Story,18:14:59 18/09/2026,WEB,Windows,Ngôi sao,Phóng viên,b2283c467d97ab0846be52768a5862bf
391,letung,Story,18:12:35 18/09/2026,WEB,Windows,Ngôi sao,Phóng viên,b2283c467d97ab0846be52768a5862bf
392,hoangdung,Story,18:01:50 18/09/2026,APP,iOS,Giải trí,Phóng viên,c99872a8c3e9538a4d2c20d05c67d597
393,hoangdung,Notifications,18:01:45 18/09/2026,APP,iOS,Giải trí,Phóng viên,c99872a8c3e9538a4d2c20d05c67d597
394,thanhlam,Notifications,17:50:32 18/09/2026,APP,App Android,Pháp luật,Phóng viên,417cc16bdce8741ba62a81ccb5e1b631
395,vulinh,Story,17:49:53 18/09/2026,WEB,Windows,Giáo dục,Phóng viên,ea569f7e77f145e5174c7c2311096cb9
396,tienngoc,Story,17:20:04 18/09/2026,WEB,MacOS,Tech,BBT,88f0cbcdd07d588c549b3577126454c1
397,thaithanh,Story,17:18:37 18/09/2026,WEB,Windows,Tia sáng,Trưởng/Phó ban,540c159c464d424f9b8707bfd73d0c2f
398,dacthanh,Story,17:13:15 18/09/2026,APP,Android,Thời sự Hà Nội,Phóng viên,10.1.26.8
399,hongminh,Story,17:11:30 18/09/2026,WEB,Windows,Ngôi sao,Phóng viên,65aaf0744b8c83b62e3eb3ad6b4a41f2
400,hongminh,Story,17:07:13 18/09/2026,WEB,Windows,Ngôi sao,Phóng viên,65aaf0744b8c83b62e3eb3ad6b4a41f2
401,lehoang,Story,17:03:04 18/09/2026,WEB,MacOS,Thời sự Hà Nội,Phóng viên,d8c83e22c5765e5b6e073d3930e45512
402,thuquynh,Story,16:59:37 18/09/2026,WEB,Windows,Tia sáng,Trưởng/Phó ban,3d6fbf2ac440db7e159f0eceee1cd6ac
403,hangthu,Story,16:58:40 18/09/2026,WEB,MacOS,Spotlight,Trưởng/Phó ban,ecc3f0d08ce1d21e7b5e8fc986267ae6
404,thuquynh,Story,16:58:00 18/09/2026,WEB,Windows,Tia sáng,Trưởng/Phó ban,3d6fbf2ac440db7e159f0eceee1cd6ac
405,hangthu,Story,16:48:43 18/09/2026,WEB,MacOS,Spotlight,Trưởng/Phó ban,ecc3f0d08ce1d21e7b5e8fc986267ae6
406,thanhlan,Story,16:36:32 18/09/2026,WEB,Windows,Kinh doanh,Trưởng/Phó ban,0b0ce1dab134f862c44bf088f4553876
407,thanhlan,statistics,16:31:08 18/09/2026,WEB,Windows,Kinh doanh,Trưởng/Phó ban,0b0ce1dab134f862c44bf088f4553876
408,thanhlan,Story,16:29:16 18/09/2026,WEB,Windows,Kinh doanh,Trưởng/Phó ban,0b0ce1dab134f862c44bf088f4553876
409,huyanh,Story,16:17:43 18/09/2026,WEB,Windows,Tech,Trưởng/Phó ban,a94e9be4b37317e55aa60336b8ccf2b1
410,xuantuyen,Story,16:15:33 18/09/2026,WEB,Windows,Sức khỏe,Trưởng/Phó ban,891b4d953a71cb0cca930ec0ef3cdc91
411,haphuong,Story,16:14:49 18/09/2026,WEB,MacOS,Sức khỏe,Phóng viên,e3d25e200ed10ddc46b6ec0fd4edd4d9
412,haphuong,Story,16:14:34 18/09/2026,WEB,MacOS,Sức khỏe,Phóng viên,e3d25e200ed10ddc46b6ec0fd4edd4d9
413,haphuong,Story,16:14:00 18/09/2026,WEB,MacOS,Sức khỏe,Phóng viên,e3d25e200ed10ddc46b6ec0fd4edd4d9
414,hoangdung,Notifications,16:13:47 18/09/2026,APP,iOS,Giải trí,Phóng viên,10.94.26.9
415,haphuong,Story,16:13:43 18/09/2026,WEB,MacOS,Sức khỏe,Phóng viên,e3d25e200ed10ddc46b6ec0fd4edd4d9
416,vulinh,Notifications,16:13:02 18/09/2026,APP,Android,Giáo dục,Phóng viên,10.1.26.8
417,vulinh,Story,16:12:37 18/09/2026,APP,Android,Giáo dục,Phóng viên,10.1.26.8
418,vulinh,Notifications,16:12:34 18/09/2026,APP,Android,Giáo dục,Phóng viên,10.1.26.8
419,hotan,Story,16:03:04 18/09/2026,WEB,MacOS,Xe,Phóng viên,205faf73ea693439ca7e393ef1abd908
420,duchung,Story,16:01:09 18/09/2026,WEB,MacOS,Thời sự Hà Nội,Phóng viên,628354f41da03253c8e360649894c7e3
421,thanhpt5,Story,15:54:10 18/09/2026,WEB,Windows,Tech,Phóng viên,d546280b9097e45fe5530f2304a06400
422,xuantuyen,Story,15:52:53 18/09/2026,WEB,Windows,Sức khỏe,Trưởng/Phó ban,891b4d953a71cb0cca930ec0ef3cdc91
423,dodau,Story,15:50:41 18/09/2026,WEB,MacOS,Sức khỏe,Phóng viên,068e783e520bc99299459fc0eaa77711
424,xuantuyen,Story,15:44:27 18/09/2026,WEB,Windows,Sức khỏe,Trưởng/Phó ban,891b4d953a71cb0cca930ec0ef3cdc91
425,danhnt24,Story,15:42:02 18/09/2026,WEB,Windows,Video,BBT,2ab146d54ba6550d7b22c242a6c8051a
426,vulinh,Story,15:32:26 18/09/2026,WEB,Windows,Giáo dục,Phóng viên,ea569f7e77f145e5174c7c2311096cb9
427,xuantuyen,Story,15:28:23 18/09/2026,WEB,Windows,Sức khỏe,Trưởng/Phó ban,891b4d953a71cb0cca930ec0ef3cdc91
428,tuanhoang,Story,15:26:33 18/09/2026,WEB,MacOS,English,Phóng viên,d3bc08c3d674817e21acb5ce4bb91acb
429,hoangyen,Story,14:54:30 18/09/2026,WEB,MacOS,Ngôi sao,Phóng viên,fc266d1a95cd59670b088be4d9043527
430,anhlan,Story,14:53:42 18/09/2026,WEB,Windows,Giáo dục,Trưởng/Phó ban,7e4976929cb93339cf2bb7d853942609
431,lehuyen,Story,14:52:27 18/09/2026,WEB,MacOS,Video,Trưởng/Phó ban,e53356be7ae10e1156046eea44582ed7
432,anhngoc,Story,14:41:45 18/09/2026,WEB,Windows,Sức khỏe,Phóng viên,826a637ef8f847e54fcedd6c7eba7de5
433,xuantuyen,Story,14:36:54 18/09/2026,WEB,Windows,Sức khỏe,Trưởng/Phó ban,891b4d953a71cb0cca930ec0ef3cdc91
434,tuanhoang,Story,14:33:40 18/09/2026,WEB,MacOS,English,Phóng viên,d3bc08c3d674817e21acb5ce4bb91acb
435,hoangyen,Story,14:33:37 18/09/2026,WEB,MacOS,Ngôi sao,Phóng viên,fc266d1a95cd59670b088be4d9043527
436,xuantuyen,Story,14:27:21 18/09/2026,WEB,Windows,Sức khỏe,Trưởng/Phó ban,891b4d953a71cb0cca930ec0ef3cdc91
437,danhnt24,Story,14:21:01 18/09/2026,WEB,Windows,Video,BBT,2ab146d54ba6550d7b22c242a6c8051a
438,danhnt24,Story,14:20:30 18/09/2026,WEB,Windows,Video,Phóng viên,2ab146d54ba6550d7b22c242a6c8051a
439,xuantuyen,Story,14:12:18 18/09/2026,WEB,Windows,Sức khỏe,Trưởng/Phó ban,891b4d953a71cb0cca930ec0ef3cdc91
440,hoangyen,Story,14:09:32 18/09/2026,WEB,MacOS,Ngôi sao,Phóng viên,fc266d1a95cd59670b088be4d9043527
441,huyanh,Story,14:09:11 18/09/2026,WEB,Windows,Tech,Trưởng/Phó ban,a94e9be4b37317e55aa60336b8ccf2b1
442,xuantuyen,Story,14:08:55 18/09/2026,WEB,Windows,Sức khỏe,Trưởng/Phó ban,891b4d953a71cb0cca930ec0ef3cdc91
443,danhnt24,Story,13:56:41 18/09/2026,WEB,Windows,Test WMS,Phóng viên,2ab146d54ba6550d7b22c242a6c8051a
444,danhnt24,Story,13:56:23 18/09/2026,WEB,Windows,Tech,Phóng viên,2ab146d54ba6550d7b22c242a6c8051a
445,trangnguyen,Story,13:37:23 18/09/2026,WEB,MacOS,Kinh doanh,Phóng viên,10.94.26.9
446,duchuy,Story,12:03:09 18/09/2026,WEB,Windows,Xe,Trưởng/Phó ban,172.30.163.158
447,xuantuyen,Story,11:58:13 18/09/2026,WEB,Windows,Sức khỏe,Trưởng/Phó ban,172.30.127.52
448,danhnt24,Story,11:37:59 18/09/2026,WEB,Windows,Tech,Phóng viên,172.30.113.134
449,xuantuyen,Story,11:36:51 18/09/2026,WEB,Windows,Sức khỏe,Trưởng/Phó ban,172.30.127.52
450,phuongdong,Story,11:32:51 18/09/2026,WEB,MacOS,Kinh doanh,Phóng viên,10.94.26.9
451,xuantuyen,Story,11:30:58 18/09/2026,WEB,Windows,Sức khỏe,Trưởng/Phó ban,172.30.127.52
452,xuantuyen,Story,11:28:48 18/09/2026,WEB,Windows,Sức khỏe,Trưởng/Phó ban,172.30.127.52
453,danhnt24,statistics,11:23:13 18/09/2026,WEB,Windows,Tech,Phóng viên,172.30.113.134
454,danhnt24,Story,11:22:01 18/09/2026,WEB,Windows,Tech,Phóng viên,172.30.113.134
455,huyanh,Story,11:08:51 18/09/2026,WEB,Windows,Tech,Trưởng/Phó ban,172.30.163.98
456,trananh,Story,10:42:25 18/09/2026,WEB,Windows,Ngôi sao,Trưởng/Phó ban,10.1.26.8
457,thuquynh,Story,10:28:25 18/09/2026,WEB,Windows,Tia sáng,Trưởng/Phó ban,172.30.164.15
458,wms_bbt,Story,10:25:44 18/09/2026,WEB,MacOS,Thời sự Hồ Chí Minh,Trưởng/Phó ban,10.94.26.11
459,nguyenhai,Story,10:25:29 18/09/2026,WEB,Windows,SD,BBT,172.30.127.114
460,nguyenhai,Story,10:25:22 18/09/2026,WEB,Windows,SD,Trưởng/Phó ban,172.30.127.114
461,wms_bbt,Story,10:23:02 18/09/2026,WEB,MacOS,Thời sự Hồ Chí Minh,Trưởng/Phó ban,10.94.26.11
462,wms_bbt,Story,10:21:38 18/09/2026,WEB,MacOS,Thời sự Hồ Chí Minh,Trưởng/Phó ban,10.94.26.11
463,wms_bbt,Story,10:21:17 18/09/2026,WEB,MacOS,Thời sự Hồ Chí Minh,Trưởng/Phó ban,10.94.26.11
464,nhutrang,Story,10:20:28 18/09/2026,WEB,Windows,Thời sự Hà Nội,Trưởng/Phó ban,172.30.164.130
465,nguyenhai,Story,10:19:08 18/09/2026,WEB,Windows,SD,BBT,172.30.127.114
466,wms_bbt,Story,10:14:53 18/09/2026,WEB,MacOS,Thời sự Hồ Chí Minh,Trưởng/Phó ban,10.94.26.11
467,nguyenhai,Story,10:06:54 18/09/2026,WEB,Windows,SD,BBT,172.30.127.114
468,nguyenhai,campaign,10:06:34 18/09/2026,WEB,Windows,SD,BBT,172.30.127.114
469,nguyenhai,Story,10:05:35 18/09/2026,WEB,Windows,SD,BBT,172.30.127.114
470,wms_bbt,Story,10:05:31 18/09/2026,WEB,MacOS,Giải trí,Trưởng/Phó ban,10.94.26.11
471,wms_bbt,Story,10:05:26 18/09/2026,WEB,MacOS,Thể thao,Trưởng/Phó ban,10.94.26.11
472,wms_bbt,Story,10:03:49 18/09/2026,WEB,MacOS,Thể thao,BBT,10.94.26.11
473,wms_bbt,Story,10:03:32 18/09/2026,WEB,MacOS,Thể thao,Trưởng/Phó ban,10.94.26.11
474,lephuong,Story,10:03:19 18/09/2026,WEB,MacOS,Sức khỏe,Phóng viên,10.94.26.9
475,lephuong,Story,10:00:22 18/09/2026,WEB,MacOS,Sức khỏe,Phóng viên,10.94.26.9
476,wms_bbt,Story,09:59:08 18/09/2026,WEB,MacOS,Thế giới,Trưởng/Phó ban,10.94.26.11
477,wms_bbt,Story,09:58:46 18/09/2026,WEB,MacOS,Thế giới,BBT,10.94.26.11
478,danhnt24,Story,09:57:08 18/09/2026,WEB,Windows,Tech,Phóng viên,172.30.113.134
479,wms_bbt,Story,09:51:26 18/09/2026,WEB,MacOS,Thế giới,Trưởng/Phó ban,10.94.26.11
480,wms_bbt,Story,09:50:39 18/09/2026,WEB,MacOS,Kinh doanh,Trưởng/Phó ban,10.94.26.11
481,wms_bbt,Story,09:50:06 18/09/2026,WEB,MacOS,Kinh doanh,Trưởng/Phó ban,10.94.26.11
482,wms_bbt,Story,09:41:35 18/09/2026,WEB,MacOS,Kinh doanh,Trưởng/Phó ban,10.94.26.11
483,wms_bbt,Story,09:41:31 18/09/2026,WEB,MacOS,Test WMS,Trưởng/Phó ban,10.94.26.11
484,wms_bbt,Story,09:39:43 18/09/2026,WEB,MacOS,Test WMS,BBT,10.94.26.11
485,duytung,Story,09:37:31 18/09/2026,WEB,MacOS,Tech,Phóng viên,10.94.26.11
486,duytung,Story,09:37:27 18/09/2026,WEB,MacOS,Tech,Phóng viên,10.94.26.11
487,duytung,Story,09:37:15 18/09/2026,WEB,MacOS,Tech,Phóng viên,10.94.26.11
488,lehuyen,Story,09:28:52 18/09/2026,WEB,MacOS,Video,Trưởng/Phó ban,10.1.26.8
489,danhnt24,Story,09:26:36 18/09/2026,WEB,Windows,Thế giới,Trưởng/Phó ban,172.30.113.134
490,danhnt24,Story,09:25:47 18/09/2026,WEB,Windows,Kinh doanh,Trưởng/Phó ban,172.30.113.134
491,dodau,Story,09:25:26 18/09/2026,WEB,MacOS,Sức khỏe,Phóng viên,10.1.26.8
492,trunghieu,Story,09:16:00 18/09/2026,WEB,Windows,Thời sự Hồ Chí Minh,Trưởng/Phó ban,172.30.127.103
493,trunghieu,statistics,09:15:51 18/09/2026,WEB,Windows,Thời sự Hồ Chí Minh,Trưởng/Phó ban,172.30.127.103
494,trunghieu,Topic,09:15:47 18/09/2026,WEB,Windows,Thời sự Hồ Chí Minh,Trưởng/Phó ban,172.30.127.103
495,trananh,Story,09:13:06 18/09/2026,WEB,Windows,Ngôi sao,Trưởng/Phó ban,10.1.26.8
496,trunghieu,Story,09:13:05 18/09/2026,WEB,Windows,Thời sự Hồ Chí Minh,Trưởng/Phó ban,172.30.127.103
497,danhnt24,Story,09:11:46 18/09/2026,APP,,Tech,Phóng viên,
498,danhnt24,Story,09:09:03 18/09/2026,APP,iOS,Tech,Trưởng/Phó ban,10.252.141.210
499,xuantuyen,Story,09:08:03 18/09/2026,WEB,Windows,Sức khỏe,Trưởng/Phó ban,172.30.127.52
500,danhnt24,Story,09:05:26 18/09/2026,WEB,Windows,Kinh doanh,Trưởng/Phó ban,172.30.113.134
501,ducpt2,Story,09:04:31 18/09/2026,WEB,Windows,Tech,Trưởng/Phó ban,172.30.113.135
502,danhnt24,Story,09:02:46 18/09/2026,WEB,Windows,Khoa học công nghệ,Trưởng/Phó ban,172.30.113.134
503,duytung,Story,08:58:52 18/09/2026,WEB,MacOS,Tech,Phóng viên,10.94.26.10
504,duytung,Story,08:58:25 18/09/2026,WEB,MacOS,Tech,Phóng viên,10.94.26.10
505,duytung,Story,08:58:07 18/09/2026,WEB,MacOS,Tech,Phóng viên,10.94.26.10
506,danhnt24,Story,08:56:51 18/09/2026,WEB,Windows,Khoa học công nghệ,Trưởng/Phó ban,172.30.113.134
507,xuantuyen,Story,08:56:05 18/09/2026,WEB,Linux,Sức khỏe,Trưởng/Phó ban,10.1.26.8
508,truongthuy,Story,08:53:15 18/09/2026,WEB,MacOS,Kinh doanh,Phóng viên,10.1.26.8
509,anhngoc,Story,08:52:48 18/09/2026,WEB,MacOS,Sức khỏe,Phóng viên,10.1.26.8
510,phuongdong,Story,08:50:22 18/09/2026,WEB,MacOS,Kinh doanh,Phóng viên,10.94.26.9
511,anhngoc,Story,08:48:44 18/09/2026,WEB,MacOS,Sức khỏe,Phóng viên,10.1.26.8
512,phuongdong,Story,08:45:21 18/09/2026,WEB,MacOS,Kinh doanh,Phóng viên,10.94.26.9
513,lehuyen,Story,08:45:08 18/09/2026,WEB,MacOS,Video,Trưởng/Phó ban,10.1.26.8
514,lehuyen,Story,08:44:47 18/09/2026,WEB,MacOS,Video,Trưởng/Phó ban,10.1.26.8
515,danhnt24,Story,08:41:08 18/09/2026,WEB,Windows,Khoa học công nghệ,Trưởng/Phó ban,172.30.113.134
516,phuongdong,Story,08:40:33 18/09/2026,WEB,MacOS,Kinh doanh,Phóng viên,10.94.26.9
517,phuongdong,Story,08:39:58 18/09/2026,WEB,MacOS,Kinh doanh,Phóng viên,10.94.26.9
518,duchung,Story,08:39:13 18/09/2026,APP,Android,Thời sự Hà Nội,Phóng viên,10.1.26.8
519,danhnt24,Story,08:36:25 18/09/2026,WEB,Windows,Giải trí,Trưởng/Phó ban,172.30.113.134
520,danhnt24,Story,08:35:52 18/09/2026,WEB,Windows,Kinh doanh,Trưởng/Phó ban,172.30.113.134
521,congkhang,Story,08:34:48 18/09/2026,APP,iOS,Video,Phóng viên,10.94.26.9
522,danhnt24,Story,08:34:18 18/09/2026,WEB,Windows,Thời sự Hà Nội,Trưởng/Phó ban,172.30.113.134
523,congkhang,Story,08:34:03 18/09/2026,APP,,Video,Phóng viên,
524,thanhhang,Story,08:31:49 18/09/2026,WEB,MacOS,Giáo dục,Phóng viên,10.1.26.8
525,danhnt24,Story,08:30:56 18/09/2026,WEB,Windows,Thời sự Hà Nội,Trưởng/Phó ban,172.30.113.134
526,hoangdung,Story,08:30:14 18/09/2026,APP,iOS,Giải trí,Phóng viên,10.252.141.198
527,lehuyen,Story,08:19:30 18/09/2026,WEB,MacOS,Video,Trưởng/Phó ban,10.1.26.8
528,trinhhoang,Story,08:19:26 18/09/2026,APP,iOS,Video,Phóng viên,10.94.26.9
529,doanloan,Story,08:18:44 18/09/2026,APP,,Thời sự Hà Nội,Phóng viên,
530,tanhuong,Story,08:18:00 18/09/2026,WEB,MacOS,Đời sống,Trưởng/Phó ban,10.94.26.9
531,xuannhat,Story,08:17:46 18/09/2026,WEB,MacOS,Giải trí,Phóng viên,10.94.26.9
532,xuannhat,Story,08:17:30 18/09/2026,WEB,MacOS,Giải trí,Phóng viên,10.94.26.9
533,xuannhat,Story,08:16:36 18/09/2026,APP,,Giải trí,Phóng viên,
534,xuannhat,Story,08:16:27 18/09/2026,APP,,Giải trí,Phóng viên,
535,xuannhat,Story,08:16:22 18/09/2026,APP,,Giải trí,Phóng viên,
536,doanmanh,Story,08:16:09 18/09/2026,APP,Android,Thể thao,Trưởng/Phó ban,10.1.26.8
537,duclam,Story,08:15:49 18/09/2026,WEB,MacOS,Video,Phóng viên,10.1.26.8
538,lehuyen,Story,08:15:47 18/09/2026,WEB,MacOS,Video,Trưởng/Phó ban,10.1.26.8
539,doanmanh,Story,08:15:40 18/09/2026,APP,Android,Thể thao,Trưởng/Phó ban,10.1.26.8
540,trunghieu,Story,08:14:48 18/09/2026,WEB,Windows,Thời sự Hồ Chí Minh,Trưởng/Phó ban,172.30.127.103
541,huyphong,Story,08:13:59 18/09/2026,APP,iOS,Thời sự Hồ Chí Minh,Phóng viên,10.1.26.8
542,lehuyen,Story,08:13:42 18/09/2026,WEB,MacOS,Video,Trưởng/Phó ban,10.94.26.9
543,trunghieu,Story,08:11:56 18/09/2026,WEB,Windows,Thời sự Hồ Chí Minh,Trưởng/Phó ban,172.30.127.103
544,nhutam,Story,08:11:36 18/09/2026,WEB,Windows,Thế giới,Phóng viên,172.30.164.8
545,duchuy,Story,08:10:26 18/09/2026,WEB,Windows,Xe,Trưởng/Phó ban,172.30.163.158
546,nhutrang,Story,08:10:06 18/09/2026,WEB,Windows,Thời sự Hà Nội,Trưởng/Phó ban,172.30.164.130
547,hangthu,Story,08:09:59 18/09/2026,WEB,MacOS,Spotlight,Trưởng/Phó ban,10.94.26.9
548,huucong,Story,08:09:41 18/09/2026,WEB,Windows,Thời sự Hồ Chí Minh,Trưởng/Phó ban,172.30.127.92
549,xuantuyen,Story,08:08:10 18/09/2026,WEB,Windows,Sức khỏe,Trưởng/Phó ban,172.30.127.52
550,thanhnga,Story,08:07:41 18/09/2026,WEB,Windows,Pháp luật,Trưởng/Phó ban,172.30.164.133
551,nhutrang,Story,08:07:21 18/09/2026,WEB,Windows,Thời sự Hà Nội,Trưởng/Phó ban,172.30.164.130
552,danglinh,Story,08:06:48 18/09/2026,APP,iOS,Giải trí,Phóng viên,10.1.26.8
553,hoanganh,Story,08:06:13 18/09/2026,WEB,Windows,Giải trí,Trưởng/Phó ban,172.30.164.135
554,phuongdong,Story,08:03:50 18/09/2026,WEB,MacOS,Kinh doanh,Phóng viên,10.94.26.9
555,vanloc,Story,08:02:52 18/09/2026,APP,iOS,Video,Phóng viên,10.1.26.8
556,annhon,Story,08:02:39 18/09/2026,WEB,Windows,SD,Trưởng/Phó ban,172.30.127.118
557,duongvan,Story,08:02:38 18/09/2026,WEB,Windows,Giải trí,Trưởng/Phó ban,172.30.127.64
558,annhon,Story,08:02:30 18/09/2026,WEB,Windows,SD,BBT,172.30.127.118
559,lehuyen,Story,08:02:10 18/09/2026,WEB,MacOS,Video,Trưởng/Phó ban,10.94.26.9
560,dangkhoa,Story,08:01:46 18/09/2026,APP,,Thời sự Hồ Chí Minh,Phóng viên,
561,trunghieu,Story,08:01:35 18/09/2026,WEB,Windows,Thời sự Hồ Chí Minh,Trưởng/Phó ban,172.30.127.103
562,vuthao,Topic,08:01:33 18/09/2026,WEB,MacOS,Thế giới,Trưởng/Phó ban,10.1.26.8
563,vuthao,Story,08:01:25 18/09/2026,WEB,MacOS,Thế giới,Trưởng/Phó ban,10.1.26.8
564,tuanviet,Story,08:00:20 18/09/2026,APP,iOS,Video,Phóng viên,10.94.26.9
565,thanhlan,statistics,08:00:06 18/09/2026,WEB,Windows,Kinh doanh,Trưởng/Phó ban,172.30.164.155
566,hoaithu,Story,08:00:03 18/09/2026,WEB,Windows,Kinh doanh,Trưởng/Phó ban,172.30.164.139
567,thanhlan,Story,07:59:55 18/09/2026,WEB,Windows,Kinh doanh,Trưởng/Phó ban,172.30.164.155
568,tatdat,Story,07:59:34 18/09/2026,APP,,Kinh doanh,Phóng viên,
569,anhlan,Story,07:58:51 18/09/2026,WEB,Windows,Giáo dục,Trưởng/Phó ban,172.30.164.13
570,thanhhang,Story,07:58:44 18/09/2026,APP,,Giáo dục,Phóng viên,
571,xuantuyen,Story,07:58:11 18/09/2026,WEB,Windows,Sức khỏe,Trưởng/Phó ban,172.30.127.52
572,tuyetmai,Story,07:58:06 18/09/2026,APP,iOS,Pháp luật,Trưởng/Phó ban,10.94.26.9
573,vuthao,Story,07:56:53 18/09/2026,WEB,MacOS,Thế giới,Trưởng/Phó ban,10.94.26.9
574,vuthao,Topic,07:56:52 18/09/2026,WEB,MacOS,Thế giới,Trưởng/Phó ban,10.94.26.9
575,gianganh,Story,07:56:51 18/09/2026,APP,,Thời sự Hồ Chí Minh,Phóng viên,
576,vuthao,Story,07:56:08 18/09/2026,WEB,MacOS,Thế giới,Trưởng/Phó ban,10.94.26.9
577,nhuquynh,Story,07:55:49 18/09/2026,WEB,MacOS,Ảnh,Phóng viên,10.94.26.9
578,nhutrang,Story,07:55:21 18/09/2026,WEB,Windows,Thời sự Hà Nội,Trưởng/Phó ban,172.30.164.130
579,hoaithu,Story,07:54:48 18/09/2026,WEB,Windows,Kinh doanh,Trưởng/Phó ban,172.30.164.139
580,luuha,Story,07:53:58 18/09/2026,WEB,Windows,Góc nhìn,Trưởng/Phó ban,172.30.164.163
581,ducdong,Story,07:53:56 18/09/2026,APP,,Thể thao,Phóng viên,
582,vuthao,Story,07:52:58 18/09/2026,WEB,MacOS,Thế giới,Trưởng/Phó ban,10.94.26.9
583,hangthu,Story,07:52:41 18/09/2026,WEB,MacOS,Spotlight,Trưởng/Phó ban,10.94.26.9
584,vanvui,Story,07:52:26 18/09/2026,APP,Android,Thời sự Hồ Chí Minh,Phóng viên,10.94.26.9
585,vanvui,Story,07:52:19 18/09/2026,APP,,Thời sự Hồ Chí Minh,Phóng viên,
586,xuantuyen,Story,07:52:10 18/09/2026,WEB,Windows,Sức khỏe,Trưởng/Phó ban,172.30.127.52
587,vanvui,Story,07:51:23 18/09/2026,APP,,Thời sự Hồ Chí Minh,Phóng viên,
588,hathu,Story,07:51:22 18/09/2026,APP,Android,Kinh doanh,Phóng viên,10.1.26.8
589,thanhlam,Story,07:50:40 18/09/2026,APP,App Android,Pháp luật,Phóng viên,10.1.26.8
590,hongphuong,Story,07:50:19 18/09/2026,APP,,Thời sự Hà Nội,Phóng viên,
591,dacthanh,Story,07:50:18 18/09/2026,APP,Android,Thời sự Hà Nội,Phóng viên,10.1.26.8
592,vulinh,Story,07:50:04 18/09/2026,APP,Android,Giáo dục,Phóng viên,10.1.26.8
593,tanhuong,Story,07:48:24 18/09/2026,WEB,Windows,Đời sống,Trưởng/Phó ban,172.30.164.145
594,hangthu,Story,07:48:18 18/09/2026,WEB,MacOS,Spotlight,Trưởng/Phó ban,10.94.26.9
595,phuongthuy,Story,07:47:56 18/09/2026,WEB,Windows,Khoa học công nghệ,Trưởng/Phó ban,172.30.164.169
596,nhutrang,Story,07:47:44 18/09/2026,WEB,Windows,Thời sự Hà Nội,Trưởng/Phó ban,172.30.164.130
597,tanhuong,Story,07:47:43 18/09/2026,WEB,Windows,Đời sống,Trưởng/Phó ban,172.30.164.145
598,danglinh,Story,07:47:22 18/09/2026,APP,iOS,Giải trí,Phóng viên,10.1.26.8
599,huyanh,Story,07:45:13 18/09/2026,WEB,Windows,Tech,Trưởng/Phó ban,172.30.163.98
600,thanhnhan,Story,07:45:08 18/09/2026,APP,iOS,Xe,Phóng viên,10.94.26.9
601,duongtam,Story,07:44:48 18/09/2026,APP,,Giáo dục,Phóng viên,
602,vanvui,Story,07:44:27 18/09/2026,APP,Android,Thời sự Hồ Chí Minh,Phóng viên,10.94.26.9
603,minhthuy,Story,07:44:20 18/09/2026,WEB,Windows,Xe,Phóng viên,172.30.163.159
604,vanvui,Story,07:43:48 18/09/2026,APP,Android,Thời sự Hồ Chí Minh,Phóng viên,10.94.26.9
605,chucly,Story,07:43:08 18/09/2026,APP,Android,Thời sự Hồ Chí Minh,Phóng viên,10.94.26.9
606,letuyet,Story,07:42:07 18/09/2026,APP,,Thời sự Hồ Chí Minh,Phóng viên,
607,letuyet,Story,07:41:47 18/09/2026,APP,iOS,Thời sự Hồ Chí Minh,Phóng viên,10.94.26.9
608,hoanganh,Story,07:41:19 18/09/2026,WEB,Windows,Giải trí,Trưởng/Phó ban,172.30.164.135
609,xuantuyen,Story,07:41:00 18/09/2026,WEB,Windows,Sức khỏe,Trưởng/Phó ban,172.30.127.52
610,xuanbinh,Story,07:40:27 18/09/2026,APP,Android,Thể thao,Phóng viên,10.94.26.9
611,doanmanh,Story,07:40:17 18/09/2026,APP,Android,Thể thao,Trưởng/Phó ban,10.1.26.8
612,doanmanh,Story,07:38:53 18/09/2026,APP,Android,Thể thao,Trưởng/Phó ban,10.1.26.8
613,thanhlan,Story,07:38:29 18/09/2026,WEB,Windows,Kinh doanh,Trưởng/Phó ban,172.30.164.155
614,vuthao,Story,07:38:23 18/09/2026,WEB,MacOS,Thế giới,Trưởng/Phó ban,10.94.26.9
615,trunghieu,Story,07:37:44 18/09/2026,WEB,Windows,Thời sự Hồ Chí Minh,Trưởng/Phó ban,172.30.127.103
616,hoangdung,Story,07:37:25 18/09/2026,APP,iOS,Giải trí,Phóng viên,10.94.26.9
617,hoangdung,Notifications,07:37:21 18/09/2026,APP,iOS,Giải trí,Phóng viên,10.94.26.9
618,xuantuyen,Story,07:36:12 18/09/2026,WEB,Windows,Sức khỏe,Trưởng/Phó ban,172.30.127.52
619,chucly,Story,07:35:46 18/09/2026,APP,Android,Thời sự Hồ Chí Minh,Phóng viên,10.94.26.9
620,danhnt24,Story,07:35:36 18/09/2026,WEB,Windows,Tech,Phóng viên,172.30.113.134
621,anhngoc,Story,07:35:10 18/09/2026,APP,,Sức khỏe,Phóng viên,
622,anhngoc,Story,07:35:05 18/09/2026,APP,,Sức khỏe,Phóng viên,
623,huyanh,Story,07:34:03 18/09/2026,WEB,Windows,Tech,Trưởng/Phó ban,172.30.163.98
624,thanhnhan,Story,07:33:43 18/09/2026,APP,,Xe,Phóng viên,
625,trangnguyen,Story,07:33:04 18/09/2026,WEB,MacOS,Kinh doanh,Phóng viên,10.94.26.9
626,trangnguyen,Story,07:32:00 18/09/2026,WEB,MacOS,Kinh doanh,Phóng viên,10.94.26.9
627,hotan,Story,07:31:39 18/09/2026,WEB,MacOS,Xe,Phóng viên,10.94.26.9
628,duchung,Story,07:31:37 18/09/2026,APP,Android,Thời sự Hà Nội,Phóng viên,10.1.26.8
629,letuyet,Story,07:31:18 18/09/2026,APP,iOS,Thời sự Hồ Chí Minh,Phóng viên,10.94.26.9
630,nguyenle,Story,07:30:17 18/09/2026,APP,,Giáo dục,Phóng viên,
631,thiha,Story,07:30:08 18/09/2026,APP,Android,Kinh doanh,Phóng viên,10.94.26.9
632,thiha,Story,07:29:56 18/09/2026,APP,Android,Kinh doanh,Phóng viên,10.94.26.9
633,thiha,Story,07:29:19 18/09/2026,APP,Android,Kinh doanh,Phóng viên,10.94.26.9
634,duchung,Story,07:29:08 18/09/2026,APP,Android,Thời sự Hà Nội,Phóng viên,10.1.26.8
635,thiha,Story,07:28:44 18/09/2026,APP,Android,Kinh doanh,Phóng viên,10.94.26.9
636,thiha,Story,07:28:34 18/09/2026,APP,Android,Kinh doanh,Phóng viên,10.94.26.9
637,thiha,Story,07:28:16 18/09/2026,APP,Android,Kinh doanh,Phóng viên,10.94.26.9
638,thiha,Story,07:28:07 18/09/2026,APP,Android,Kinh doanh,Phóng viên,10.94.26.9
639,thiha,Story,07:27:54 18/09/2026,APP,Android,Kinh doanh,Phóng viên,10.94.26.9
640,thiha,Story,07:27:43 18/09/2026,APP,Android,Kinh doanh,Phóng viên,10.94.26.9
641,thiha,Story,07:27:35 18/09/2026,APP,Android,Kinh doanh,Phóng viên,10.94.26.9
642,thiha,Story,07:27:26 18/09/2026,APP,Android,Kinh doanh,Phóng viên,10.94.26.9
643,thiha,Story,07:27:16 18/09/2026,APP,Android,Kinh doanh,Phóng viên,10.94.26.9
644,thiha,Story,07:27:07 18/09/2026,APP,Android,Kinh doanh,Phóng viên,10.94.26.9
645,thiha,Story,07:26:59 18/09/2026,APP,Android,Kinh doanh,Phóng viên,10.94.26.9
646,thiha,Story,07:26:38 18/09/2026,APP,Android,Kinh doanh,Phóng viên,10.94.26.9
647,thiha,Story,07:26:27 18/09/2026,APP,Android,Kinh doanh,Phóng viên,10.94.26.9
648,thiha,Story,07:26:17 18/09/2026,APP,Android,Kinh doanh,Phóng viên,10.94.26.9
649,thiha,Story,07:26:07 18/09/2026,APP,Android,Kinh doanh,Phóng viên,10.94.26.9
650,thiha,Story,07:25:56 18/09/2026,APP,Android,Kinh doanh,Phóng viên,10.94.26.9
651,thiha,Story,07:25:46 18/09/2026,APP,Android,Kinh doanh,Phóng viên,10.94.26.9
652,thiha,Story,07:25:34 18/09/2026,APP,Android,Kinh doanh,Phóng viên,10.94.26.9
653,thiha,Story,07:25:24 18/09/2026,APP,Android,Kinh doanh,Phóng viên,10.94.26.9
654,thiha,Story,07:25:12 18/09/2026,APP,Android,Kinh doanh,Phóng viên,10.94.26.9
655,thiha,Story,07:24:59 18/09/2026,APP,Android,Kinh doanh,Phóng viên,10.94.26.9
656,thiha,Story,07:24:48 18/09/2026,APP,Android,Kinh doanh,Phóng viên,10.94.26.9
657,thiha,Story,07:24:36 18/09/2026,APP,Android,Kinh doanh,Phóng viên,10.94.26.9
658,thiha,Story,07:24:26 18/09/2026,APP,Android,Kinh doanh,Phóng viên,10.94.26.9
659,thiha,Story,07:24:15 18/09/2026,APP,Android,Kinh doanh,Phóng viên,10.94.26.9
660,thiha,Story,07:24:05 18/09/2026,APP,Android,Kinh doanh,Phóng viên,10.94.26.9
661,thiha,Story,07:23:53 18/09/2026,APP,Android,Kinh doanh,Phóng viên,10.94.26.9
662,thiha,Story,07:23:42 18/09/2026,APP,Android,Kinh doanh,Phóng viên,10.94.26.9
663,thiha,Story,07:23:32 18/09/2026,APP,Android,Kinh doanh,Phóng viên,10.94.26.9
664,thiha,Story,07:23:22 18/09/2026,APP,Android,Kinh doanh,Phóng viên,10.94.26.9
665,thiha,Story,07:23:09 18/09/2026,APP,Android,Kinh doanh,Phóng viên,10.94.26.9
666,thiha,Story,07:22:58 18/09/2026,APP,Android,Kinh doanh,Phóng viên,10.94.26.9
667,thiha,Story,07:22:47 18/09/2026,APP,Android,Kinh doanh,Phóng viên,10.94.26.9
668,thiha,Story,07:22:37 18/09/2026,APP,Android,Kinh doanh,Phóng viên,10.94.26.9
669,thiha,Story,07:22:27 18/09/2026,APP,Android,Kinh doanh,Phóng viên,10.94.26.9
670,thiha,Story,07:22:15 18/09/2026,APP,Android,Kinh doanh,Phóng viên,10.94.26.9
671,thiha,Story,07:22:04 18/09/2026,APP,Android,Kinh doanh,Phóng viên,10.94.26.9
672,thiha,Story,07:21:49 18/09/2026,APP,Android,Kinh doanh,Phóng viên,10.94.26.9
673,thiha,Story,07:21:38 18/09/2026,APP,Android,Kinh doanh,Phóng viên,10.94.26.9
674,thiha,Story,07:21:28 18/09/2026,APP,Android,Kinh doanh,Phóng viên,10.94.26.9
675,thiha,Story,07:21:18 18/09/2026,APP,Android,Kinh doanh,Phóng viên,10.94.26.9
676,thiha,Story,07:21:07 18/09/2026,APP,Android,Kinh doanh,Phóng viên,10.94.26.9
677,thiha,Story,07:20:53 18/09/2026,APP,Android,Kinh doanh,Phóng viên,10.94.26.9
678,thiha,Story,07:20:41 18/09/2026,APP,Android,Kinh doanh,Phóng viên,10.94.26.9
679,thiha,Story,07:20:30 18/09/2026,APP,Android,Kinh doanh,Phóng viên,10.94.26.9
680,thiha,Story,07:20:19 18/09/2026,APP,Android,Kinh doanh,Phóng viên,10.94.26.9
681,thiha,Story,07:20:07 18/09/2026,APP,Android,Kinh doanh,Phóng viên,10.94.26.9
682,thiha,Story,07:19:57 18/09/2026,APP,Android,Kinh doanh,Phóng viên,10.94.26.9
683,thiha,Story,07:19:46 18/09/2026,APP,Android,Kinh doanh,Phóng viên,10.94.26.9
684,thiha,Story,07:19:35 18/09/2026,APP,Android,Kinh doanh,Phóng viên,10.94.26.9
685,thiha,Story,07:19:24 18/09/2026,APP,Android,Kinh doanh,Phóng viên,10.94.26.9
686,thiha,Story,07:19:12 18/09/2026,APP,Android,Kinh doanh,Phóng viên,10.94.26.9
687,thiha,Story,07:19:01 18/09/2026,APP,Android,Kinh doanh,Phóng viên,10.94.26.9
688,thiha,Story,07:18:49 18/09/2026,APP,Android,Kinh doanh,Phóng viên,10.94.26.9
689,thiha,Story,07:18:38 18/09/2026,APP,Android,Kinh doanh,Phóng viên,10.94.26.9
690,thiha,Story,07:18:27 18/09/2026,APP,Android,Kinh doanh,Phóng viên,10.94.26.9
691,thiha,Story,07:18:16 18/09/2026,APP,Android,Kinh doanh,Phóng viên,10.94.26.9
692,thiha,Story,07:18:05 18/09/2026,APP,Android,Kinh doanh,Phóng viên,10.94.26.9
693,thiha,Story,07:17:53 18/09/2026,APP,Android,Kinh doanh,Phóng viên,10.94.26.9
694,thiha,Story,07:17:41 18/09/2026,APP,Android,Kinh doanh,Phóng viên,10.94.26.9
695,thiha,Story,07:17:30 18/09/2026,APP,Android,Kinh doanh,Phóng viên,10.94.26.9
696,thiha,Story,07:17:19 18/09/2026,APP,Android,Kinh doanh,Phóng viên,10.94.26.9
697,thiha,Story,07:17:08 18/09/2026,APP,Android,Kinh doanh,Phóng viên,10.94.26.9
698,thiha,Story,07:16:56 18/09/2026,APP,Android,Kinh doanh,Phóng viên,10.94.26.9
699,thiha,Story,07:16:45 18/09/2026,APP,Android,Kinh doanh,Phóng viên,10.94.26.9
700,thiha,Story,07:16:33 18/09/2026,APP,Android,Kinh doanh,Phóng viên,10.94.26.9
701,thiha,Story,07:16:22 18/09/2026,APP,Android,Kinh doanh,Phóng viên,10.94.26.9
702,thiha,Story,07:16:11 18/09/2026,APP,Android,Kinh doanh,Phóng viên,10.94.26.9
703,thiha,Story,07:15:59 18/09/2026,APP,Android,Kinh doanh,Phóng viên,10.94.26.9
704,thiha,Story,07:15:48 18/09/2026,APP,Android,Kinh doanh,Phóng viên,10.94.26.9
705,thiha,Story,07:15:37 18/09/2026,APP,Android,Kinh doanh,Phóng viên,10.94.26.9
706,thiha,Story,07:15:26 18/09/2026,APP,Android,Kinh doanh,Phóng viên,10.94.26.9
707,thiha,Story,07:15:15 18/09/2026,APP,Android,Kinh doanh,Phóng viên,10.94.26.9
708,thiha,Story,07:15:02 18/09/2026,APP,Android,Kinh doanh,Phóng viên,10.94.26.9
709,thiha,Story,07:14:50 18/09/2026,APP,Android,Kinh doanh,Phóng viên,10.94.26.9
710,thiha,Story,07:14:38 18/09/2026,APP,Android,Kinh doanh,Phóng viên,10.94.26.9
711,thiha,Story,07:14:26 18/09/2026,APP,Android,Kinh doanh,Phóng viên,10.94.26.9
712,thiha,Story,07:14:14 18/09/2026,APP,Android,Kinh doanh,Phóng viên,10.94.26.9
713,thiha,Story,07:14:02 18/09/2026,APP,Android,Kinh doanh,Phóng viên,10.94.26.9
714,thiha,Story,07:13:51 18/09/2026,APP,Android,Kinh doanh,Phóng viên,10.94.26.9
715,thiha,Story,07:13:40 18/09/2026,APP,Android,Kinh doanh,Phóng viên,10.94.26.9
716,thiha,Story,07:13:28 18/09/2026,APP,Android,Kinh doanh,Phóng viên,10.94.26.9
717,thiha,Story,07:13:17 18/09/2026,APP,Android,Kinh doanh,Phóng viên,10.94.26.9
718,thiha,Story,07:13:06 18/09/2026,APP,Android,Kinh doanh,Phóng viên,10.94.26.9
719,thiha,Story,07:12:54 18/09/2026,APP,Android,Kinh doanh,Phóng viên,10.94.26.9
720,thiha,Story,07:12:43 18/09/2026,APP,Android,Kinh doanh,Phóng viên,10.94.26.9
721,thiha,Story,07:12:30 18/09/2026,APP,Android,Kinh doanh,Phóng viên,10.94.26.9
722,thiha,Story,07:12:19 18/09/2026,APP,Android,Kinh doanh,Phóng viên,10.94.26.9
723,thiha,Story,07:12:07 18/09/2026,APP,Android,Kinh doanh,Phóng viên,10.94.26.9
724,thiha,Story,07:11:55 18/09/2026,APP,Android,Kinh doanh,Phóng viên,10.94.26.9
725,thiha,Story,07:11:43 18/09/2026,APP,Android,Kinh doanh,Phóng viên,10.94.26.9
726,thiha,Story,07:11:32 18/09/2026,APP,Android,Kinh doanh,Phóng viên,10.94.26.9
727,thiha,Story,07:11:21 18/09/2026,APP,Android,Kinh doanh,Phóng viên,10.94.26.9
728,thiha,Story,07:11:09 18/09/2026,APP,Android,Kinh doanh,Phóng viên,10.94.26.9
729,thiha,Story,07:10:57 18/09/2026,APP,Android,Kinh doanh,Phóng viên,10.94.26.9
730,thiha,Story,07:10:46 18/09/2026,APP,Android,Kinh doanh,Phóng viên,10.94.26.9
731,thiha,Story,07:10:35 18/09/2026,APP,Android,Kinh doanh,Phóng viên,10.94.26.9
732,thiha,Story,07:10:24 18/09/2026,APP,Android,Kinh doanh,Phóng viên,10.94.26.9
733,thiha,Story,07:10:13 18/09/2026,APP,Android,Kinh doanh,Phóng viên,10.94.26.9
734,thiha,Story,07:10:02 18/09/2026,APP,Android,Kinh doanh,Phóng viên,10.94.26.9
735,thiha,Story,07:09:51 18/09/2026,APP,Android,Kinh doanh,Phóng viên,10.94.26.9
736,thiha,Story,07:09:40 18/09/2026,APP,Android,Kinh doanh,Phóng viên,10.94.26.9
737,thiha,Story,07:09:29 18/09/2026,APP,Android,Kinh doanh,Phóng viên,10.94.26.9
738,thiha,Story,07:09:18 18/09/2026,APP,Android,Kinh doanh,Phóng viên,10.94.26.9
739,thiha,Story,07:09:07 18/09/2026,APP,Android,Kinh doanh,Phóng viên,10.94.26.9
740,thiha,Story,07:08:56 18/09/2026,APP,Android,Kinh doanh,Phóng viên,10.94.26.9
741,thiha,Story,07:08:44 18/09/2026,APP,Android,Kinh doanh,Phóng viên,10.94.26.9
742,thiha,Story,07:08:33 18/09/2026,APP,Android,Kinh doanh,Phóng viên,10.94.26.9
743,thiha,Story,07:08:22 18/09/2026,APP,Android,Kinh doanh,Phóng viên,10.94.26.9
744,thiha,Story,07:08:11 18/09/2026,APP,Android,Kinh doanh,Phóng viên,10.94.26.9
745,thiha,Story,07:08:00 18/09/2026,APP,Android,Kinh doanh,Phóng viên,10.94.26.9
746,thiha,Story,07:07:49 18/09/2026,APP,Android,Kinh doanh,Phóng viên,10.94.26.9
747,thiha,Story,07:07:38 18/09/2026,APP,Android,Kinh doanh,Phóng viên,10.94.26.9
748,thiha,Story,07:07:27 18/09/2026,APP,Android,Kinh doanh,Phóng viên,10.94.26.9
749,thiha,Story,07:07:16 18/09/2026,APP,Android,Kinh doanh,Phóng viên,10.94.26.9
750,thiha,Story,07:07:04 18/09/2026,APP,Android,Kinh doanh,Phóng viên,10.94.26.9
751,thiha,Story,07:06:53 18/09/2026,APP,Android,Kinh doanh,Phóng viên,10.94.26.9
752,thiha,Story,07:06:40 18/09/2026,APP,Android,Kinh doanh,Phóng viên,10.94.26.9
753,thiha,Story,07:06:29 18/09/2026,APP,Android,Kinh doanh,Phóng viên,10.94.26.9
754,thiha,Story,07:06:17 18/09/2026,APP,Android,Kinh doanh,Phóng viên,10.94.26.9
755,thiha,Story,07:06:05 18/09/2026,APP,Android,Kinh doanh,Phóng viên,10.94.26.9
756,thiha,Story,07:05:54 18/09/2026,APP,Android,Kinh doanh,Phóng viên,10.94.26.9
757,thiha,Story,07:05:43 18/09/2026,APP,Android,Kinh doanh,Phóng viên,10.94.26.9
758,thiha,Story,07:05:32 18/09/2026,APP,Android,Kinh doanh,Phóng viên,10.94.26.9
759,thiha,Story,07:05:21 18/09/2026,APP,Android,Kinh doanh,Phóng viên,10.94.26.9
760,thiha,Story,07:05:10 18/09/2026,APP,Android,Kinh doanh,Phóng viên,10.94.26.9
761,thiha,Story,07:04:59 18/09/2026,APP,Android,Kinh doanh,Phóng viên,10.94.26.9
762,thiha,Story,07:04:47 18/09/2026,APP,Android,Kinh doanh,Phóng viên,10.94.26.9
763,thiha,Story,07:04:36 18/09/2026,APP,Android,Kinh doanh,Phóng viên,10.94.26.9
764,thiha,Story,07:04:25 18/09/2026,APP,Android,Kinh doanh,Phóng viên,10.94.26.9
765,thiha,Story,07:04:14 18/09/2026,APP,Android,Kinh doanh,Phóng viên,10.94.26.9
766,thiha,Story,07:04:02 18/09/2026,APP,Android,Kinh doanh,Phóng viên,10.94.26.9
767,thiha,Story,07:03:51 18/09/2026,APP,Android,Kinh doanh,Phóng viên,10.94.26.9
768,thiha,Story,07:03:40 18/09/2026,APP,Android,Kinh doanh,Phóng viên,10.94.26.9
769,thiha,Story,07:03:29 18/09/2026,APP,Android,Kinh doanh,Phóng viên,10.94.26.9
770,thiha,Story,07:03:17 18/09/2026,APP,Android,Kinh doanh,Phóng viên,10.94.26.9
771,thiha,Story,07:03:06 18/09/2026,APP,Android,Kinh doanh,Phóng viên,10.94.26.9
772,thiha,Story,07:02:54 18/09/2026,APP,Android,Kinh doanh,Phóng viên,10.94.26.9
773,thiha,Story,07:02:43 18/09/2026,APP,Android,Kinh doanh,Phóng viên,10.94.26.9
774,thiha,Story,07:02:32 18/09/2026,APP,Android,Kinh doanh,Phóng viên,10.94.26.9
775,thiha,Story,07:02:20 18/09/2026,APP,Android,Kinh doanh,Phóng viên,10.94.26.9
776,thiha,Story,07:02:08 18/09/2026,APP,Android,Kinh doanh,Phóng viên,10.94.26.9
777,thiha,Story,07:01:57 18/09/2026,APP,Android,Kinh doanh,Phóng viên,10.94.26.9
778,thiha,Story,07:01:46 18/09/2026,APP,Android,Kinh doanh,Phóng viên,10.94.26.9
779,thiha,Story,07:01:35 18/09/2026,APP,Android,Kinh doanh,Phóng viên,10.94.26.9
780,thiha,Story,07:01:23 18/09/2026,APP,Android,Kinh doanh,Phóng viên,10.94.26.9
781,thiha,Story,07:01:12 18/09/2026,APP,Android,Kinh doanh,Phóng viên,10.94.26.9
782,thiha,Story,07:01:00 18/09/2026,APP,Android,Kinh doanh,Phóng viên,10.94.26.9
783,thiha,Story,07:00:49 18/09/2026,APP,Android,Kinh doanh,Phóng viên,10.94.26.9
784,thiha,Story,07:00:38 18/09/2026,APP,Android,Kinh doanh,Phóng viên,10.94.26.9
785,thiha,Story,07:00:27 18/09/2026,APP,Android,Kinh doanh,Phóng viên,10.94.26.9
786,thiha,Story,07:00:15 18/09/2026,APP,Android,Kinh doanh,Phóng viên,10.94.26.9
787,thiha,Story,07:00:04 18/09/2026,APP,Android,Kinh doanh,Phóng viên,10.94.26.9
788,thiha,Story,06:59:53 18/09/2026,APP,Android,Kinh doanh,Phóng viên,10.94.26.9
789,thiha,Story,06:59:41 18/09/2026,APP,Android,Kinh doanh,Phóng viên,10.94.26.9
790,thiha,Story,06:59:30 18/09/2026,APP,Android,Kinh doanh,Phóng viên,10.94.26.9
791,thiha,Story,06:59:18 18/09/2026,APP,Android,Kinh doanh,Phóng viên,10.94.26.9
792,thiha,Story,06:59:07 18/09/2026,APP,Android,Kinh doanh,Phóng viên,10.94.26.9
793,thiha,Story,06:58:55 18/09/2026,APP,Android,Kinh doanh,Phóng viên,10.94.26.9
794,thiha,Story,06:58:44 18/09/2026,APP,Android,Kinh doanh,Phóng viên,10.94.26.9
795,thiha,Story,06:58:33 18/09/2026,APP,Android,Kinh doanh,Phóng viên,10.94.26.9
796,thiha,Story,06:58:21 18/09/2026,APP,Android,Kinh doanh,Phóng viên,10.94.26.9
797,thiha,Story,06:58:10 18/09/2026,APP,Android,Kinh doanh,Phóng viên,10.94.26.9
798,thiha,Story,06:57:59 18/09/2026,APP,Android,Kinh doanh,Phóng viên,10.94.26.9
799,thiha,Story,06:57:47 18/09/2026,APP,Android,Kinh doanh,Phóng viên,10.94.26.9
800,thiha,Story,06:57:36 18/09/2026,APP,Android,Kinh doanh,Phóng viên,10.94.26.9
801,thiha,Story,06:57:25 18/09/2026,APP,Android,Kinh doanh,Phóng viên,10.94.26.9
802,thiha,Story,06:57:13 18/09/2026,APP,Android,Kinh doanh,Phóng viên,10.94.26.9
803,thiha,Story,06:57:02 18/09/2026,APP,Android,Kinh doanh,Phóng viên,10.94.26.9
804,thiha,Story,06:56:50 18/09/2026,APP,Android,Kinh doanh,Phóng viên,10.94.26.9
805,thiha,Story,06:56:39 18/09/2026,APP,Android,Kinh doanh,Phóng viên,10.94.26.9
806,thiha,Story,06:56:28 18/09/2026,APP,Android,Kinh doanh,Phóng viên,10.94.26.9
807,thiha,Story,06:56:16 18/09/2026,APP,Android,Kinh doanh,Phóng viên,10.94.26.9
808,thiha,Story,06:56:05 18/09/2026,APP,Android,Kinh doanh,Phóng viên,10.94.26.9
809,thiha,Story,06:55:54 18/09/2026,APP,Android,Kinh doanh,Phóng viên,10.94.26.9
810,thiha,Story,06:55:42 18/09/2026,APP,Android,Kinh doanh,Phóng viên,10.94.26.9
811,thiha,Story,06:55:31 18/09/2026,APP,Android,Kinh doanh,Phóng viên,10.94.26.9
812,thiha,Story,06:55:20 18/09/2026,APP,Android,Kinh doanh,Phóng viên,10.94.26.9
813,thiha,Story,06:55:09 18/09/2026,APP,Android,Kinh doanh,Phóng viên,10.94.26.9
814,thiha,Story,06:54:57 18/09/2026,APP,Android,Kinh doanh,Phóng viên,10.94.26.9
815,thiha,Story,06:54:46 18/09/2026,APP,Android,Kinh doanh,Phóng viên,10.94.26.9
816,thiha,Story,06:54:35 18/09/2026,APP,Android,Kinh doanh,Phóng viên,10.94.26.9
817,thiha,Story,06:54:23 18/09/2026,APP,Android,Kinh doanh,Phóng viên,10.94.26.9
818,thiha,Story,06:54:12 18/09/2026,APP,Android,Kinh doanh,Phóng viên,10.94.26.9
819,thiha,Story,06:54:01 18/09/2026,APP,Android,Kinh doanh,Phóng viên,10.94.26.9
820,thiha,Story,06:53:50 18/09/2026,APP,Android,Kinh doanh,Phóng viên,10.94.26.9
821,thiha,Story,06:53:38 18/09/2026,APP,Android,Kinh doanh,Phóng viên,10.94.26.9
822,thiha,Story,06:53:27 18/09/2026,APP,Android,Kinh doanh,Phóng viên,10.94.26.9
823,thiha,Story,06:53:16 18/09/2026,APP,Android,Kinh doanh,Phóng viên,10.94.26.9
824,thiha,Story,06:53:05 18/09/2026,APP,Android,Kinh doanh,Phóng viên,10.94.26.9
825,thiha,Story,06:52:53 18/09/2026,APP,Android,Kinh doanh,Phóng viên,10.94.26.9
826,thiha,Story,06:52:42 18/09/2026,APP,Android,Kinh doanh,Phóng viên,10.94.26.9
827,thiha,Story,06:52:31 18/09/2026,APP,Android,Kinh doanh,Phóng viên,10.94.26.9
828,thiha,Story,06:52:19 18/09/2026,APP,Android,Kinh doanh,Phóng viên,10.94.26.9
829,thiha,Story,06:52:08 18/09/2026,APP,Android,Kinh doanh,Phóng viên,10.94.26.9
830,thiha,Story,06:51:57 18/09/2026,APP,Android,Kinh doanh,Phóng viên,10.94.26.9
831,thiha,Story,06:51:46 18/09/2026,APP,Android,Kinh doanh,Phóng viên,10.94.26.9
832,thiha,Story,06:51:35 18/09/2026,APP,Android,Kinh doanh,Phóng viên,10.94.26.9
833,thiha,Story,06:51:23 18/09/2026,APP,Android,Kinh doanh,Phóng viên,10.94.26.9
834,thiha,Story,06:51:12 18/09/2026,APP,Android,Kinh doanh,Phóng viên,10.94.26.9
835,thiha,Story,06:51:01 18/09/2026,APP,Android,Kinh doanh,Phóng viên,10.94.26.9
836,thiha,Story,06:50:50 18/09/2026,APP,Android,Kinh doanh,Phóng viên,10.94.26.9
837,thiha,Story,06:50:39 18/09/2026,APP,Android,Kinh doanh,Phóng viên,10.94.26.9
838,thiha,Story,06:50:27 18/09/2026,APP,Android,Kinh doanh,Phóng viên,10.94.26.9
839,thiha,Story,06:50:16 18/09/2026,APP,Android,Kinh doanh,Phóng viên,10.94.26.9
840,thiha,Story,06:50:05 18/09/2026,APP,Android,Kinh doanh,Phóng viên,10.94.26.9
841,thiha,Story,06:49:54 18/09/2026,APP,Android,Kinh doanh,Phóng viên,10.94.26.9
842,thiha,Story,06:49:43 18/09/2026,APP,Android,Kinh doanh,Phóng viên,10.94.26.9
843,thiha,Story,06:49:31 18/09/2026,APP,Android,Kinh doanh,Phóng viên,10.94.26.9
844,thiha,Story,06:49:20 18/09/2026,APP,Android,Kinh doanh,Phóng viên,10.94.26.9
845,thiha,Story,06:49:09 18/09/2026,APP,Android,Kinh doanh,Phóng viên,10.94.26.9
846,thiha,Story,06:48:58 18/09/2026,APP,Android,Kinh doanh,Phóng viên,10.94.26.9
847,thiha,Story,06:48:46 18/09/2026,APP,Android,Kinh doanh,Phóng viên,10.94.26.9
848,thiha,Story,06:48:35 18/09/2026,APP,Android,Kinh doanh,Phóng viên,10.94.26.9
849,thiha,Story,06:48:24 18/09/2026,APP,Android,Kinh doanh,Phóng viên,10.94.26.9
850,thiha,Story,06:48:13 18/09/2026,APP,Android,Kinh doanh,Phóng viên,10.94.26.9
851,thiha,Story,06:48:02 18/09/2026,APP,Android,Kinh doanh,Phóng viên,10.94.26.9
852,thiha,Story,06:47:50 18/09/2026,APP,Android,Kinh doanh,Phóng viên,10.94.26.9
853,thiha,Story,06:47:39 18/09/2026,APP,Android,Kinh doanh,Phóng viên,10.94.26.9
854,thiha,Story,06:47:28 18/09/2026,APP,Android,Kinh doanh,Phóng viên,10.94.26.9
855,thiha,Story,06:47:17 18/09/2026,APP,Android,Kinh doanh,Phóng viên,10.94.26.9
856,thiha,Story,06:47:06 18/09/2026,APP,Android,Kinh doanh,Phóng viên,10.94.26.9
857,thiha,Story,06:46:55 18/09/2026,APP,Android,Kinh doanh,Phóng viên,10.94.26.9
858,thiha,Story,06:46:44 18/09/2026,APP,Android,Kinh doanh,Phóng viên,10.94.26.9
859,thiha,Story,06:46:33 18/09/2026,APP,Android,Kinh doanh,Phóng viên,10.94.26.9
860,thiha,Story,06:46:21 18/09/2026,APP,Android,Kinh doanh,Phóng viên,10.94.26.9
861,thiha,Story,06:46:10 18/09/2026,APP,Android,Kinh doanh,Phóng viên,10.94.26.9
862,thiha,Story,06:45:59 18/09/2026,APP,Android,Kinh doanh,Phóng viên,10.94.26.9
863,thiha,Story,06:45:48 18/09/2026,APP,Android,Kinh doanh,Phóng viên,10.94.26.9
864,thiha,Story,06:45:37 18/09/2026,APP,Android,Kinh doanh,Phóng viên,10.94.26.9
865,thiha,Story,06:45:25 18/09/2026,APP,Android,Kinh doanh,Phóng viên,10.94.26.9
866,thiha,Story,06:45:14 18/09/2026,APP,Android,Kinh doanh,Phóng viên,10.94.26.9
867,thiha,Story,06:45:03 18/09/2026,APP,Android,Kinh doanh,Phóng viên,10.94.26.9
868,thiha,Story,06:44:52 18/09/2026,APP,Android,Kinh doanh,Phóng viên,10.94.26.9
869,thiha,Story,06:44:41 18/09/2026,APP,Android,Kinh doanh,Phóng viên,10.94.26.9
870,thiha,Story,06:44:30 18/09/2026,APP,Android,Kinh doanh,Phóng viên,10.94.26.9
871,thiha,Story,06:44:18 18/09/2026,APP,Android,Kinh doanh,Phóng viên,10.94.26.9
872,thiha,Story,06:44:07 18/09/2026,APP,Android,Kinh doanh,Phóng viên,10.94.26.9
873,thiha,Story,06:43:56 18/09/2026,APP,Android,Kinh doanh,Phóng viên,10.94.26.9
874,thiha,Story,06:43:45 18/09/2026,APP,Android,Kinh doanh,Phóng viên,10.94.26.9
875,thiha,Story,06:43:34 18/09/2026,APP,Android,Kinh doanh,Phóng viên,10.94.26.9
876,thiha,Story,06:43:23 18/09/2026,APP,Android,Kinh doanh,Phóng viên,10.94.26.9
877,thiha,Story,06:43:11 18/09/2026,APP,Android,Kinh doanh,Phóng viên,10.94.26.9
878,thiha,Story,06:43:00 18/09/2026,APP,Android,Kinh doanh,Phóng viên,10.94.26.9
879,thiha,Story,06:42:49 18/09/2026,APP,Android,Kinh doanh,Phóng viên,10.94.26.9
880,thiha,Story,06:42:38 18/09/2026,APP,Android,Kinh doanh,Phóng viên,10.94.26.9
881,thiha,Story,06:42:27 18/09/2026,APP,Android,Kinh doanh,Phóng viên,10.94.26.9
882,thiha,Story,06:42:15 18/09/2026,APP,Android,Kinh doanh,Phóng viên,10.94.26.9
883,thiha,Story,06:42:04 18/09/2026,APP,Android,Kinh doanh,Phóng viên,10.94.26.9
884,thiha,Story,06:41:53 18/09/2026,APP,Android,Kinh doanh,Phóng viên,10.94.26.9
885,thiha,Story,06:41:42 18/09/2026,APP,Android,Kinh doanh,Phóng viên,10.94.26.9
886,thiha,Story,06:41:31 18/09/2026,APP,Android,Kinh doanh,Phóng viên,10.94.26.9
887,thiha,Story,06:41:20 18/09/2026,APP,Android,Kinh doanh,Phóng viên,10.94.26.9
888,thiha,Story,06:41:09 18/09/2026,APP,Android,Kinh doanh,Phóng viên,10.94.26.9
889,thiha,Story,06:40:57 18/09/2026,APP,Android,Kinh doanh,Phóng viên,10.94.26.9
890,thiha,Story,06:40:46 18/09/2026,APP,Android,Kinh doanh,Phóng viên,10.94.26.9
891,thiha,Story,06:40:35 18/09/2026,APP,Android,Kinh doanh,Phóng viên,10.94.26.9
892,thiha,Story,06:40:24 18/09/2026,APP,Android,Kinh doanh,Phóng viên,10.94.26.9
893,thiha,Story,06:40:12 18/09/2026,APP,Android,Kinh doanh,Phóng viên,10.94.26.9
894,thiha,Story,06:40:01 18/09/2026,APP,Android,Kinh doanh,Phóng viên,10.94.26.9
895,thiha,Story,06:39:50 18/09/2026,APP,Android,Kinh doanh,Phóng viên,10.94.26.9
896,thiha,Story,06:39:39 18/09/2026,APP,Android,Kinh doanh,Phóng viên,10.94.26.9
897,thiha,Story,06:39:27 18/09/2026,APP,Android,Kinh doanh,Phóng viên,10.94.26.9
898,thiha,Story,06:39:16 18/09/2026,APP,Android,Kinh doanh,Phóng viên,10.94.26.9
899,thiha,Story,06:39:05 18/09/2026,APP,Android,Kinh doanh,Phóng viên,10.94.26.9
900,thiha,Story,06:38:54 18/09/2026,APP,Android,Kinh doanh,Phóng viên,10.94.26.9
901,thiha,Story,06:38:43 18/09/2026,APP,Android,Kinh doanh,Phóng viên,10.94.26.9
902,thiha,Story,06:38:32 18/09/2026,APP,Android,Kinh doanh,Phóng viên,10.94.26.9
903,thiha,Story,06:38:21 18/09/2026,APP,Android,Kinh doanh,Phóng viên,10.94.26.9
904,thiha,Story,06:38:09 18/09/2026,APP,Android,Kinh doanh,Phóng viên,10.94.26.9
905,thiha,Story,06:37:58 18/09/2026,APP,Android,Kinh doanh,Phóng viên,10.94.26.9
906,thiha,Story,06:37:46 18/09/2026,APP,Android,Kinh doanh,Phóng viên,10.94.26.9
907,thiha,Story,06:37:35 18/09/2026,APP,Android,Kinh doanh,Phóng viên,10.94.26.9
908,thiha,Story,06:37:24 18/09/2026,APP,Android,Kinh doanh,Phóng viên,10.94.26.9
909,thiha,Story,06:37:13 18/09/2026,APP,Android,Kinh doanh,Phóng viên,10.94.26.9
910,thiha,Story,06:37:02 18/09/2026,APP,Android,Kinh doanh,Phóng viên,10.94.26.9
911,thiha,Story,06:36:51 18/09/2026,APP,Android,Kinh doanh,Phóng viên,10.94.26.9
912,thiha,Story,06:36:40 18/09/2026,APP,Android,Kinh doanh,Phóng viên,10.94.26.9
913,thiha,Story,06:36:28 18/09/2026,APP,Android,Kinh doanh,Phóng viên,10.94.26.9
914,thiha,Story,06:36:17 18/09/2026,APP,Android,Kinh doanh,Phóng viên,10.94.26.9
915,thiha,Story,06:36:06 18/09/2026,APP,Android,Kinh doanh,Phóng viên,10.94.26.9
916,thiha,Story,06:35:55 18/09/2026,APP,Android,Kinh doanh,Phóng viên,10.94.26.9
917,thiha,Story,06:35:43 18/09/2026,APP,Android,Kinh doanh,Phóng viên,10.94.26.9
918,thiha,Story,06:35:32 18/09/2026,APP,Android,Kinh doanh,Phóng viên,10.94.26.9
919,thiha,Story,06:35:21 18/09/2026,APP,Android,Kinh doanh,Phóng viên,10.94.26.9
920,thiha,Story,06:35:10 18/09/2026,APP,Android,Kinh doanh,Phóng viên,10.94.26.9
921,thiha,Story,06:34:59 18/09/2026,APP,Android,Kinh doanh,Phóng viên,10.94.26.9
922,thiha,Story,06:34:47 18/09/2026,APP,Android,Kinh doanh,Phóng viên,10.94.26.9
923,thiha,Story,06:34:36 18/09/2026,APP,Android,Kinh doanh,Phóng viên,10.94.26.9
924,thiha,Story,06:34:25 18/09/2026,APP,Android,Kinh doanh,Phóng viên,10.94.26.9
925,thiha,Story,06:34:14 18/09/2026,APP,Android,Kinh doanh,Phóng viên,10.94.26.9
926,thiha,Story,06:34:03 18/09/2026,APP,Android,Kinh doanh,Phóng viên,10.94.26.9
927,thiha,Story,06:33:52 18/09/2026,APP,Android,Kinh doanh,Phóng viên,10.94.26.9
928,thiha,Story,06:33:41 18/09/2026,APP,Android,Kinh doanh,Phóng viên,10.94.26.9
929,thiha,Story,06:33:30 18/09/2026,APP,Android,Kinh doanh,Phóng viên,10.94.26.9
930,thiha,Story,06:33:18 18/09/2026,APP,Android,Kinh doanh,Phóng viên,10.94.26.9
931,thiha,Story,06:33:07 18/09/2026,APP,Android,Kinh doanh,Phóng viên,10.94.26.9
932,thiha,Story,06:32:56 18/09/2026,APP,Android,Kinh doanh,Phóng viên,10.94.26.9
933,thiha,Story,06:32:45 18/09/2026,APP,Android,Kinh doanh,Phóng viên,10.94.26.9
934,thiha,Story,06:32:34 18/09/2026,APP,Android,Kinh doanh,Phóng viên,10.94.26.9
935,thiha,Story,06:32:23 18/09/2026,APP,Android,Kinh doanh,Phóng viên,10.94.26.9
936,thiha,Story,06:32:12 18/09/2026,APP,Android,Kinh doanh,Phóng viên,10.94.26.9
937,thiha,Story,06:32:00 18/09/2026,APP,Android,Kinh doanh,Phóng viên,10.94.26.9
938,thiha,Story,06:31:49 18/09/2026,APP,Android,Kinh doanh,Phóng viên,10.94.26.9
939,thiha,Story,06:31:38 18/09/2026,APP,Android,Kinh doanh,Phóng viên,10.94.26.9
940,thiha,Story,06:31:27 18/09/2026,APP,Android,Kinh doanh,Phóng viên,10.94.26.9
941,thiha,Story,06:31:16 18/09/2026,APP,Android,Kinh doanh,Phóng viên,10.94.26.9
942,thiha,Story,06:31:05 18/09/2026,APP,Android,Kinh doanh,Phóng viên,10.94.26.9
943,thiha,Story,06:30:54 18/09/2026,APP,Android,Kinh doanh,Phóng viên,10.94.26.9
944,thiha,Story,06:30:43 18/09/2026,APP,Android,Kinh doanh,Phóng viên,10.94.26.9
945,thiha,Story,06:30:31 18/09/2026,APP,Android,Kinh doanh,Phóng viên,10.94.26.9
946,thiha,Story,06:30:20 18/09/2026,APP,Android,Kinh doanh,Phóng viên,10.94.26.9
947,thiha,Story,06:30:09 18/09/2026,APP,Android,Kinh doanh,Phóng viên,10.94.26.9
948,thiha,Story,06:29:58 18/09/2026,APP,Android,Kinh doanh,Phóng viên,10.94.26.9
949,thiha,Story,06:29:47 18/09/2026,APP,Android,Kinh doanh,Phóng viên,10.94.26.9
950,thiha,Story,06:29:36 18/09/2026,APP,Android,Kinh doanh,Phóng viên,10.94.26.9
951,thiha,Story,06:29:25 18/09/2026,APP,Android,Kinh doanh,Phóng viên,10.94.26.9
952,thiha,Story,06:29:14 18/09/2026,APP,Android,Kinh doanh,Phóng viên,10.94.26.9
953,thiha,Story,06:29:03 18/09/2026,APP,Android,Kinh doanh,Phóng viên,10.94.26.9
954,thiha,Story,06:28:52 18/09/2026,APP,Android,Kinh doanh,Phóng viên,10.94.26.9
955,thiha,Story,06:28:40 18/09/2026,APP,Android,Kinh doanh,Phóng viên,10.94.26.9
956,thiha,Story,06:28:29 18/09/2026,APP,Android,Kinh doanh,Phóng viên,10.94.26.9
957,thiha,Story,06:28:18 18/09/2026,APP,Android,Kinh doanh,Phóng viên,10.94.26.9
958,thiha,Story,06:28:07 18/09/2026,APP,Android,Kinh doanh,Phóng viên,10.94.26.9
959,thiha,Story,06:27:56 18/09/2026,APP,Android,Kinh doanh,Phóng viên,10.94.26.9
960,thiha,Story,06:27:45 18/09/2026,APP,Android,Kinh doanh,Phóng viên,10.94.26.9
961,thiha,Story,06:27:34 18/09/2026,APP,Android,Kinh doanh,Phóng viên,10.94.26.9
962,thiha,Story,06:27:23 18/09/2026,APP,Android,Kinh doanh,Phóng viên,10.94.26.9
963,thiha,Story,06:27:12 18/09/2026,APP,Android,Kinh doanh,Phóng viên,10.94.26.9
964,thiha,Story,06:27:01 18/09/2026,APP,Android,Kinh doanh,Phóng viên,10.94.26.9
965,thiha,Story,06:26:50 18/09/2026,APP,Android,Kinh doanh,Phóng viên,10.94.26.9
966,thiha,Story,06:26:38 18/09/2026,APP,Android,Kinh doanh,Phóng viên,10.94.26.9
967,thiha,Story,06:26:27 18/09/2026,APP,Android,Kinh doanh,Phóng viên,10.94.26.9
968,thiha,Story,06:26:16 18/09/2026,APP,Android,Kinh doanh,Phóng viên,10.94.26.9
969,thiha,Story,06:26:05 18/09/2026,APP,Android,Kinh doanh,Phóng viên,10.94.26.9
970,thiha,Story,06:25:54 18/09/2026,APP,Android,Kinh doanh,Phóng viên,10.94.26.9
971,thiha,Story,06:25:43 18/09/2026,APP,Android,Kinh doanh,Phóng viên,10.94.26.9
972,thiha,Story,06:25:32 18/09/2026,APP,Android,Kinh doanh,Phóng viên,10.94.26.9
973,thiha,Story,06:25:21 18/09/2026,APP,Android,Kinh doanh,Phóng viên,10.94.26.9
974,thiha,Story,06:25:10 18/09/2026,APP,Android,Kinh doanh,Phóng viên,10.94.26.9
975,thiha,Story,06:24:59 18/09/2026,APP,Android,Kinh doanh,Phóng viên,10.94.26.9
976,thiha,Story,06:24:47 18/09/2026,APP,Android,Kinh doanh,Phóng viên,10.94.26.9
977,thiha,Story,06:24:36 18/09/2026,APP,Android,Kinh doanh,Phóng viên,10.94.26.9
978,thiha,Story,06:24:25 18/09/2026,APP,Android,Kinh doanh,Phóng viên,10.94.26.9
979,thiha,Story,06:24:14 18/09/2026,APP,Android,Kinh doanh,Phóng viên,10.94.26.9
980,thiha,Story,06:24:03 18/09/2026,APP,Android,Kinh doanh,Phóng viên,10.94.26.9
981,thiha,Story,06:23:52 18/09/2026,APP,Android,Kinh doanh,Phóng viên,10.94.26.9
982,thiha,Story,06:23:41 18/09/2026,APP,Android,Kinh doanh,Phóng viên,10.94.26.9
983,thiha,Story,06:23:30 18/09/2026,APP,Android,Kinh doanh,Phóng viên,10.94.26.9
984,thiha,Story,06:23:19 18/09/2026,APP,Android,Kinh doanh,Phóng viên,10.94.26.9
985,thiha,Story,06:23:08 18/09/2026,APP,Android,Kinh doanh,Phóng viên,10.94.26.9
986,thiha,Story,06:22:56 18/09/2026,APP,Android,Kinh doanh,Phóng viên,10.94.26.9
987,thiha,Story,06:22:45 18/09/2026,APP,Android,Kinh doanh,Phóng viên,10.94.26.9
988,thiha,Story,06:22:34 18/09/2026,APP,Android,Kinh doanh,Phóng viên,10.94.26.9
989,thiha,Story,06:22:23 18/09/2026,APP,Android,Kinh doanh,Phóng viên,10.94.26.9
990,thiha,Story,06:22:12 18/09/2026,APP,Android,Kinh doanh,Phóng viên,10.94.26.9
991,thiha,Story,06:22:01 18/09/2026,APP,Android,Kinh doanh,Phóng viên,10.94.26.9
992,thiha,Story,06:21:49 18/09/2026,APP,Android,Kinh doanh,Phóng viên,10.94.26.9
993,thiha,Story,06:21:38 18/09/2026,APP,Android,Kinh doanh,Phóng viên,10.94.26.9
994,thiha,Story,06:21:27 18/09/2026,APP,Android,Kinh doanh,Phóng viên,10.94.26.9
995,thiha,Story,06:21:16 18/09/2026,APP,Android,Kinh doanh,Phóng viên,10.94.26.9
996,thiha,Story,06:21:05 18/09/2026,APP,Android,Kinh doanh,Phóng viên,10.94.26.9
997,thiha,Story,06:20:54 18/09/2026,APP,Android,Kinh doanh,Phóng viên,10.94.26.9
998,thiha,Story,06:20:43 18/09/2026,APP,Android,Kinh doanh,Phóng viên,10.94.26.9
999,thiha,Story,06:20:32 18/09/2026,APP,Android,Kinh doanh,Phóng viên,10.94.26.9
1000,thiha,Story,06:20:21 18/09/2026,APP,Android,Kinh doanh,Phóng viên,10.94.26.9
1001,thiha,Story,06:20:09 18/09/2026,APP,Android,Kinh doanh,Phóng viên,10.94.26.9
1002,thiha,Story,06:19:58 18/09/2026,APP,Android,Kinh doanh,Phóng viên,10.94.26.9
1003,thiha,Story,06:19:47 18/09/2026,APP,Android,Kinh doanh,Phóng viên,10.94.26.9
1004,thiha,Story,06:19:36 18/09/2026,APP,Android,Kinh doanh,Phóng viên,10.94.26.9
1005,thiha,Story,06:19:25 18/09/2026,APP,Android,Kinh doanh,Phóng viên,10.94.26.9
1006,thiha,Story,06:19:14 18/09/2026,APP,Android,Kinh doanh,Phóng viên,10.94.26.9
1007,thiha,Story,06:19:03 18/09/2026,APP,Android,Kinh doanh,Phóng viên,10.94.26.9
1008,thiha,Story,06:18:52 18/09/2026,APP,Android,Kinh doanh,Phóng viên,10.94.26.9
1009,thiha,Story,06:18:41 18/09/2026,APP,Android,Kinh doanh,Phóng viên,10.94.26.9
1010,thiha,Story,06:18:29 18/09/2026,APP,Android,Kinh doanh,Phóng viên,10.94.26.9
1011,thiha,Story,06:18:18 18/09/2026,APP,Android,Kinh doanh,Phóng viên,10.94.26.9
1012,thiha,Story,06:18:07 18/09/2026,APP,Android,Kinh doanh,Phóng viên,10.94.26.9
1013,thiha,Story,06:17:56 18/09/2026,APP,Android,Kinh doanh,Phóng viên,10.94.26.9
1014,thiha,Story,06:17:45 18/09/2026,APP,Android,Kinh doanh,Phóng viên,10.94.26.9
1015,thiha,Story,06:17:34 18/09/2026,APP,Android,Kinh doanh,Phóng viên,10.94.26.9
1016,thiha,Story,06:17:23 18/09/2026,APP,Android,Kinh doanh,Phóng viên,10.94.26.9
1017,thiha,Story,06:17:11 18/09/2026,APP,Android,Kinh doanh,Phóng viên,10.94.26.9
1018,thiha,Story,06:17:00 18/09/2026,APP,Android,Kinh doanh,Phóng viên,10.94.26.9
1019,thiha,Story,06:16:49 18/09/2026,APP,Android,Kinh doanh,Phóng viên,10.94.26.9
1020,thiha,Story,06:16:38 18/09/2026,APP,Android,Kinh doanh,Phóng viên,10.94.26.9
1021,thiha,Story,06:16:27 18/09/2026,APP,Android,Kinh doanh,Phóng viên,10.94.26.9
1022,thiha,Story,06:16:16 18/09/2026,APP,Android,Kinh doanh,Phóng viên,10.94.26.9
1023,thiha,Story,06:16:05 18/09/2026,APP,Android,Kinh doanh,Phóng viên,10.94.26.9
1024,thiha,Story,06:15:53 18/09/2026,APP,Android,Kinh doanh,Phóng viên,10.94.26.9
1025,thiha,Story,06:15:42 18/09/2026,APP,Android,Kinh doanh,Phóng viên,10.94.26.9
1026,thiha,Story,06:15:31 18/09/2026,APP,Android,Kinh doanh,Phóng viên,10.94.26.9
1027,thiha,Story,06:15:20 18/09/2026,APP,Android,Kinh doanh,Phóng viên,10.94.26.9
1028,thiha,Story,06:15:09 18/09/2026,APP,Android,Kinh doanh,Phóng viên,10.94.26.9
1029,thiha,Story,06:14:58 18/09/2026,APP,Android,Kinh doanh,Phóng viên,10.94.26.9
1030,thiha,Story,06:14:47 18/09/2026,APP,Android,Kinh doanh,Phóng viên,10.94.26.9
1031,thiha,Story,06:14:35 18/09/2026,APP,Android,Kinh doanh,Phóng viên,10.94.26.9
1032,thiha,Story,06:14:24 18/09/2026,APP,Android,Kinh doanh,Phóng viên,10.94.26.9
1033,thiha,Story,06:14:13 18/09/2026,APP,Android,Kinh doanh,Phóng viên,10.94.26.9
1034,thiha,Story,06:14:02 18/09/2026,APP,Android,Kinh doanh,Phóng viên,10.94.26.9
1035,thiha,Story,06:13:51 18/09/2026,APP,Android,Kinh doanh,Phóng viên,10.94.26.9
1036,thiha,Story,06:13:40 18/09/2026,APP,Android,Kinh doanh,Phóng viên,10.94.26.9
1037,thiha,Story,06:13:28 18/09/2026,APP,Android,Kinh doanh,Phóng viên,10.94.26.9
1038,thiha,Story,06:13:17 18/09/2026,APP,Android,Kinh doanh,Phóng viên,10.94.26.9
1039,thiha,Story,06:13:06 18/09/2026,APP,Android,Kinh doanh,Phóng viên,10.94.26.9
1040,thiha,Story,06:12:55 18/09/2026,APP,Android,Kinh doanh,Phóng viên,10.94.26.9
1041,thiha,Story,06:12:44 18/09/2026,APP,Android,Kinh doanh,Phóng viên,10.94.26.9
1042,thiha,Story,06:12:33 18/09/2026,APP,Android,Kinh doanh,Phóng viên,10.94.26.9
1043,thiha,Story,06:12:22 18/09/2026,APP,Android,Kinh doanh,Phóng viên,10.94.26.9
1044,thiha,Story,06:12:11 18/09/2026,APP,Android,Kinh doanh,Phóng viên,10.94.26.9
1045,thiha,Story,06:12:00 18/09/2026,APP,Android,Kinh doanh,Phóng viên,10.94.26.9
1046,thiha,Story,06:11:48 18/09/2026,APP,Android,Kinh doanh,Phóng viên,10.94.26.9
1047,thiha,Story,06:11:37 18/09/2026,APP,Android,Kinh doanh,Phóng viên,10.94.26.9
1048,thiha,Story,06:11:26 18/09/2026,APP,Android,Kinh doanh,Phóng viên,10.94.26.9
1049,thiha,Story,06:11:15 18/09/2026,APP,Android,Kinh doanh,Phóng viên,10.94.26.9
1050,thiha,Story,06:11:04 18/09/2026,APP,Android,Kinh doanh,Phóng viên,10.94.26.9
1051,thiha,Story,06:10:53 18/09/2026,APP,Android,Kinh doanh,Phóng viên,10.94.26.9
1052,thiha,Story,06:10:41 18/09/2026,APP,Android,Kinh doanh,Phóng viên,10.94.26.9
1053,thiha,Story,06:10:30 18/09/2026,APP,Android,Kinh doanh,Phóng viên,10.94.26.9
1054,thiha,Story,06:10:19 18/09/2026,APP,Android,Kinh doanh,Phóng viên,10.94.26.9
1055,thiha,Story,06:10:08 18/09/2026,APP,Android,Kinh doanh,Phóng viên,10.94.26.9
1056,thiha,Story,06:09:57 18/09/2026,APP,Android,Kinh doanh,Phóng viên,10.94.26.9
1057,thiha,Story,06:09:46 18/09/2026,APP,Android,Kinh doanh,Phóng viên,10.94.26.9
1058,thiha,Story,06:09:35 18/09/2026,APP,Android,Kinh doanh,Phóng viên,10.94.26.9
1059,thiha,Story,06:09:23 18/09/2026,APP,Android,Kinh doanh,Phóng viên,10.94.26.9
1060,thiha,Story,06:09:12 18/09/2026,APP,Android,Kinh doanh,Phóng viên,10.94.26.9
1061,thiha,Story,06:09:01 18/09/2026,APP,Android,Kinh doanh,Phóng viên,10.94.26.9
1062,thiha,Story,06:08:50 18/09/2026,APP,Android,Kinh doanh,Phóng viên,10.94.26.9
1063,thiha,Story,06:08:39 18/09/2026,APP,Android,Kinh doanh,Phóng viên,10.94.26.9
1064,thiha,Story,06:08:28 18/09/2026,APP,Android,Kinh doanh,Phóng viên,10.94.26.9
1065,thiha,Story,06:08:16 18/09/2026,APP,Android,Kinh doanh,Phóng viên,10.94.26.9
1066,thiha,Story,06:08:05 18/09/2026,APP,Android,Kinh doanh,Phóng viên,10.94.26.9
1067,thiha,Story,06:07:54 18/09/2026,APP,Android,Kinh doanh,Phóng viên,10.94.26.9
1068,thiha,Story,06:07:43 18/09/2026,APP,Android,Kinh doanh,Phóng viên,10.94.26.9
1069,thiha,Story,06:07:32 18/09/2026,APP,Android,Kinh doanh,Phóng viên,10.94.26.9
1070,thiha,Story,06:07:21 18/09/2026,APP,Android,Kinh doanh,Phóng viên,10.94.26.9
1071,thiha,Story,06:07:09 18/09/2026,APP,Android,Kinh doanh,Phóng viên,10.94.26.9
1072,thiha,Story,06:06:58 18/09/2026,APP,Android,Kinh doanh,Phóng viên,10.94.26.9
1073,thiha,Story,06:06:47 18/09/2026,APP,Android,Kinh doanh,Phóng viên,10.94.26.9
1074,thiha,Story,06:06:36 18/09/2026,APP,Android,Kinh doanh,Phóng viên,10.94.26.9
1075,thiha,Story,06:06:25 18/09/2026,APP,Android,Kinh doanh,Phóng viên,10.94.26.9
1076,thiha,Story,06:06:14 18/09/2026,APP,Android,Kinh doanh,Phóng viên,10.94.26.9
1077,thiha,Story,06:06:03 18/09/2026,APP,Android,Kinh doanh,Phóng viên,10.94.26.9
1078,thiha,Story,06:05:51 18/09/2026,APP,Android,Kinh doanh,Phóng viên,10.94.26.9
1079,thiha,Story,06:05:40 18/09/2026,APP,Android,Kinh doanh,Phóng viên,10.94.26.9
1080,thiha,Story,06:05:29 18/09/2026,APP,Android,Kinh doanh,Phóng viên,10.94.26.9
1081,thiha,Story,06:05:18 18/09/2026,APP,Android,Kinh doanh,Phóng viên,10.94.26.9
1082,thiha,Story,06:05:07 18/09/2026,APP,Android,Kinh doanh,Phóng viên,10.94.26.9
1083,thiha,Story,06:04:56 18/09/2026,APP,Android,Kinh doanh,Phóng viên,10.94.26.9
1084,thiha,Story,06:04:45 18/09/2026,APP,Android,Kinh doanh,Phóng viên,10.94.26.9
1085,thiha,Story,06:04:33 18/09/2026,APP,Android,Kinh doanh,Phóng viên,10.94.26.9
1086,thiha,Story,06:04:22 18/09/2026,APP,Android,Kinh doanh,Phóng viên,10.94.26.9
1087,thiha,Story,06:04:11 18/09/2026,APP,Android,Kinh doanh,Phóng viên,10.94.26.9
1088,thiha,Story,06:04:00 18/09/2026,APP,Android,Kinh doanh,Phóng viên,10.94.26.9
1089,thiha,Story,06:03:49 18/09/2026,APP,Android,Kinh doanh,Phóng viên,10.94.26.9
1090,thiha,Story,06:03:38 18/09/2026,APP,Android,Kinh doanh,Phóng viên,10.94.26.9
1091,thiha,Story,06:03:26 18/09/2026,APP,Android,Kinh doanh,Phóng viên,10.94.26.9
1092,thiha,Story,06:03:15 18/09/2026,APP,Android,Kinh doanh,Phóng viên,10.94.26.9
1093,thiha,Story,06:03:04 18/09/2026,APP,Android,Kinh doanh,Phóng viên,10.94.26.9
1094,thiha,Story,06:02:53 18/09/2026,APP,Android,Kinh doanh,Phóng viên,10.94.26.9
1095,thiha,Story,06:02:42 18/09/2026,APP,Android,Kinh doanh,Phóng viên,10.94.26.9
1096,thiha,Story,06:02:30 18/09/2026,APP,Android,Kinh doanh,Phóng viên,10.94.26.9
1097,thiha,Story,06:02:19 18/09/2026,APP,Android,Kinh doanh,Phóng viên,10.94.26.9
1098,thiha,Story,06:02:08 18/09/2026,APP,Android,Kinh doanh,Phóng viên,10.94.26.9
1099,thiha,Story,06:01:57 18/09/2026,APP,Android,Kinh doanh,Phóng viên,10.94.26.9
1100,thiha,Story,06:01:46 18/09/2026,APP,Android,Kinh doanh,Phóng viên,10.94.26.9
1101,thiha,Story,06:01:34 18/09/2026,APP,Android,Kinh doanh,Phóng viên,10.94.26.9
1102,thiha,Story,06:01:23 18/09/2026,APP,Android,Kinh doanh,Phóng viên,10.94.26.9
1103,thiha,Story,06:01:12 18/09/2026,APP,Android,Kinh doanh,Phóng viên,10.94.26.9
1104,thiha,Story,06:01:01 18/09/2026,APP,Android,Kinh doanh,Phóng viên,10.94.26.9
1105,thiha,Story,06:00:50 18/09/2026,APP,Android,Kinh doanh,Phóng viên,10.94.26.9
1106,thiha,Story,06:00:39 18/09/2026,APP,Android,Kinh doanh,Phóng viên,10.94.26.9
1107,thiha,Story,06:00:27 18/09/2026,APP,Android,Kinh doanh,Phóng viên,10.94.26.9
1108,thiha,Story,06:00:16 18/09/2026,APP,Android,Kinh doanh,Phóng viên,10.94.26.9
1109,thiha,Story,06:00:05 18/09/2026,APP,Android,Kinh doanh,Phóng viên,10.94.26.9
1110,thiha,Story,05:59:54 18/09/2026,APP,Android,Kinh doanh,Phóng viên,10.94.26.9
1111,thiha,Story,05:59:43 18/09/2026,APP,Android,Kinh doanh,Phóng viên,10.94.26.9
1112,thiha,Story,05:59:32 18/09/2026,APP,Android,Kinh doanh,Phóng viên,10.94.26.9
1113,thiha,Story,05:59:20 18/09/2026,APP,Android,Kinh doanh,Phóng viên,10.94.26.9
1114,thiha,Story,05:59:09 18/09/2026,APP,Android,Kinh doanh,Phóng viên,10.94.26.9
1115,thiha,Story,05:58:58 18/09/2026,APP,Android,Kinh doanh,Phóng viên,10.94.26.9
1116,thiha,Story,05:58:47 18/09/2026,APP,Android,Kinh doanh,Phóng viên,10.94.26.9
1117,thiha,Story,05:58:36 18/09/2026,APP,Android,Kinh doanh,Phóng viên,10.94.26.9
1118,thiha,Story,05:58:24 18/09/2026,APP,Android,Kinh doanh,Phóng viên,10.94.26.9
1119,thiha,Story,05:58:13 18/09/2026,APP,Android,Kinh doanh,Phóng viên,10.94.26.9
1120,thiha,Story,05:58:02 18/09/2026,APP,Android,Kinh doanh,Phóng viên,10.94.26.9
1121,thiha,Story,05:57:51 18/09/2026,APP,Android,Kinh doanh,Phóng viên,10.94.26.9
1122,thiha,Story,05:57:40 18/09/2026,APP,Android,Kinh doanh,Phóng viên,10.94.26.9
1123,thiha,Story,05:57:29 18/09/2026,APP,Android,Kinh doanh,Phóng viên,10.94.26.9
1124,thiha,Story,05:57:17 18/09/2026,APP,Android,Kinh doanh,Phóng viên,10.94.26.9
1125,thiha,Story,05:57:06 18/09/2026,APP,Android,Kinh doanh,Phóng viên,10.94.26.9
1126,thiha,Story,05:56:55 18/09/2026,APP,Android,Kinh doanh,Phóng viên,10.94.26.9
1127,thiha,Story,05:56:44 18/09/2026,APP,Android,Kinh doanh,Phóng viên,10.94.26.9
1128,thiha,Story,05:56:33 18/09/2026,APP,Android,Kinh doanh,Phóng viên,10.94.26.9
1129,thiha,Story,05:56:22 18/09/2026,APP,Android,Kinh doanh,Phóng viên,10.94.26.9
1130,thiha,Story,05:56:10 18/09/2026,APP,Android,Kinh doanh,Phóng viên,10.94.26.9
1131,thiha,Story,05:55:59 18/09/2026,APP,Android,Kinh doanh,Phóng viên,10.94.26.9
1132,thiha,Story,05:55:48 18/09/2026,APP,Android,Kinh doanh,Phóng viên,10.94.26.9
1133,thiha,Story,05:55:37 18/09/2026,APP,Android,Kinh doanh,Phóng viên,10.94.26.9
1134,thiha,Story,05:55:25 18/09/2026,APP,Android,Kinh doanh,Phóng viên,10.94.26.9
1135,thiha,Story,05:55:14 18/09/2026,APP,Android,Kinh doanh,Phóng viên,10.94.26.9
1136,thiha,Story,05:55:03 18/09/2026,APP,Android,Kinh doanh,Phóng viên,10.94.26.9
1137,thiha,Story,05:54:52 18/09/2026,APP,Android,Kinh doanh,Phóng viên,10.94.26.9
1138,thiha,Story,05:54:41 18/09/2026,APP,Android,Kinh doanh,Phóng viên,10.94.26.9
1139,thiha,Story,05:54:29 18/09/2026,APP,Android,Kinh doanh,Phóng viên,10.94.26.9
1140,thiha,Story,05:54:18 18/09/2026,APP,Android,Kinh doanh,Phóng viên,10.94.26.9
1141,thiha,Story,05:54:07 18/09/2026,APP,Android,Kinh doanh,Phóng viên,10.94.26.9
1142,thiha,Story,05:53:56 18/09/2026,APP,Android,Kinh doanh,Phóng viên,10.94.26.9
1143,thiha,Story,05:53:45 18/09/2026,APP,Android,Kinh doanh,Phóng viên,10.94.26.9
1144,thiha,Story,05:53:33 18/09/2026,APP,Android,Kinh doanh,Phóng viên,10.94.26.9
1145,thiha,Story,05:53:22 18/09/2026,APP,Android,Kinh doanh,Phóng viên,10.94.26.9
1146,thiha,Story,05:53:11 18/09/2026,APP,Android,Kinh doanh,Phóng viên,10.94.26.9
1147,thiha,Story,05:53:00 18/09/2026,APP,Android,Kinh doanh,Phóng viên,10.94.26.9
1148,thiha,Story,05:52:49 18/09/2026,APP,Android,Kinh doanh,Phóng viên,10.94.26.9
1149,thiha,Story,05:52:37 18/09/2026,APP,Android,Kinh doanh,Phóng viên,10.94.26.9
1150,thiha,Story,05:52:26 18/09/2026,APP,Android,Kinh doanh,Phóng viên,10.94.26.9
1151,thiha,Story,05:52:15 18/09/2026,APP,Android,Kinh doanh,Phóng viên,10.94.26.9
1152,thiha,Story,05:52:04 18/09/2026,APP,Android,Kinh doanh,Phóng viên,10.94.26.9
1153,thiha,Story,05:51:53 18/09/2026,APP,Android,Kinh doanh,Phóng viên,10.94.26.9
1154,thiha,Story,05:51:41 18/09/2026,APP,Android,Kinh doanh,Phóng viên,10.94.26.9
1155,thiha,Story,05:51:30 18/09/2026,APP,Android,Kinh doanh,Phóng viên,10.94.26.9
1156,thiha,Story,05:51:19 18/09/2026,APP,Android,Kinh doanh,Phóng viên,10.94.26.9
1157,thiha,Story,05:51:08 18/09/2026,APP,Android,Kinh doanh,Phóng viên,10.94.26.9
1158,thiha,Story,05:50:57 18/09/2026,APP,Android,Kinh doanh,Phóng viên,10.94.26.9
1159,thiha,Story,05:50:45 18/09/2026,APP,Android,Kinh doanh,Phóng viên,10.94.26.9
1160,thiha,Story,05:50:34 18/09/2026,APP,Android,Kinh doanh,Phóng viên,10.94.26.9
1161,thiha,Story,05:50:23 18/09/2026,APP,Android,Kinh doanh,Phóng viên,10.94.26.9
1162,thiha,Story,05:50:12 18/09/2026,APP,Android,Kinh doanh,Phóng viên,10.94.26.9
1163,thiha,Story,05:50:00 18/09/2026,APP,Android,Kinh doanh,Phóng viên,10.94.26.9
1164,thiha,Story,05:49:49 18/09/2026,APP,Android,Kinh doanh,Phóng viên,10.94.26.9
1165,thiha,Story,05:49:38 18/09/2026,APP,Android,Kinh doanh,Phóng viên,10.94.26.9
1166,thiha,Story,05:49:27 18/09/2026,APP,Android,Kinh doanh,Phóng viên,10.94.26.9
1167,thiha,Story,05:49:16 18/09/2026,APP,Android,Kinh doanh,Phóng viên,10.94.26.9
1168,thiha,Story,05:49:05 18/09/2026,APP,Android,Kinh doanh,Phóng viên,10.94.26.9
1169,thiha,Story,05:48:53 18/09/2026,APP,Android,Kinh doanh,Phóng viên,10.94.26.9
1170,thiha,Story,05:48:42 18/09/2026,APP,Android,Kinh doanh,Phóng viên,10.94.26.9
1171,thiha,Story,05:48:31 18/09/2026,APP,Android,Kinh doanh,Phóng viên,10.94.26.9
1172,thiha,Story,05:48:20 18/09/2026,APP,Android,Kinh doanh,Phóng viên,10.94.26.9
1173,thiha,Story,05:48:08 18/09/2026,APP,Android,Kinh doanh,Phóng viên,10.94.26.9
1174,thiha,Story,05:47:57 18/09/2026,APP,Android,Kinh doanh,Phóng viên,10.94.26.9
1175,thiha,Story,05:47:46 18/09/2026,APP,Android,Kinh doanh,Phóng viên,10.94.26.9
1176,thiha,Story,05:47:35 18/09/2026,APP,Android,Kinh doanh,Phóng viên,10.94.26.9
1177,thiha,Story,05:47:24 18/09/2026,APP,Android,Kinh doanh,Phóng viên,10.94.26.9
1178,thiha,Story,05:47:13 18/09/2026,APP,Android,Kinh doanh,Phóng viên,10.94.26.9
1179,thiha,Story,05:47:01 18/09/2026,APP,Android,Kinh doanh,Phóng viên,10.94.26.9
1180,thiha,Story,05:46:50 18/09/2026,APP,Android,Kinh doanh,Phóng viên,10.94.26.9
1181,thiha,Story,05:46:39 18/09/2026,APP,Android,Kinh doanh,Phóng viên,10.94.26.9
1182,thiha,Story,05:46:28 18/09/2026,APP,Android,Kinh doanh,Phóng viên,10.94.26.9
1183,thiha,Story,05:46:17 18/09/2026,APP,Android,Kinh doanh,Phóng viên,10.94.26.9
1184,thiha,Story,05:46:05 18/09/2026,APP,Android,Kinh doanh,Phóng viên,10.94.26.9
1185,thiha,Story,05:45:54 18/09/2026,APP,Android,Kinh doanh,Phóng viên,10.94.26.9
1186,thiha,Story,05:45:43 18/09/2026,APP,Android,Kinh doanh,Phóng viên,10.94.26.9
1187,thiha,Story,05:45:32 18/09/2026,APP,Android,Kinh doanh,Phóng viên,10.94.26.9
1188,thiha,Story,05:45:21 18/09/2026,APP,Android,Kinh doanh,Phóng viên,10.94.26.9
1189,thiha,Story,05:45:09 18/09/2026,APP,Android,Kinh doanh,Phóng viên,10.94.26.9
1190,thiha,Story,05:44:58 18/09/2026,APP,Android,Kinh doanh,Phóng viên,10.94.26.9
1191,thiha,Story,05:44:47 18/09/2026,APP,Android,Kinh doanh,Phóng viên,10.94.26.9
1192,thiha,Story,05:44:36 18/09/2026,APP,Android,Kinh doanh,Phóng viên,10.94.26.9
1193,thiha,Story,05:44:24 18/09/2026,APP,Android,Kinh doanh,Phóng viên,10.94.26.9
1194,thiha,Story,05:44:13 18/09/2026,APP,Android,Kinh doanh,Phóng viên,10.94.26.9
1195,thiha,Story,05:44:02 18/09/2026,APP,Android,Kinh doanh,Phóng viên,10.94.26.9
1196,thiha,Story,05:43:51 18/09/2026,APP,Android,Kinh doanh,Phóng viên,10.94.26.9
1197,thiha,Story,05:43:40 18/09/2026,APP,Android,Kinh doanh,Phóng viên,10.94.26.9
1198,thiha,Story,05:43:28 18/09/2026,APP,Android,Kinh doanh,Phóng viên,10.94.26.9
1199,thiha,Story,05:43:17 18/09/2026,APP,Android,Kinh doanh,Phóng viên,10.94.26.9
1200,thiha,Story,05:43:06 18/09/2026,APP,Android,Kinh doanh,Phóng viên,10.94.26.9
1201,thiha,Story,05:42:55 18/09/2026,APP,Android,Kinh doanh,Phóng viên,10.94.26.9
1202,thiha,Story,05:42:43 18/09/2026,APP,Android,Kinh doanh,Phóng viên,10.94.26.9
1203,thiha,Story,05:42:32 18/09/2026,APP,Android,Kinh doanh,Phóng viên,10.94.26.9
1204,thiha,Story,05:42:21 18/09/2026,APP,Android,Kinh doanh,Phóng viên,10.94.26.9
1205,thiha,Story,05:42:10 18/09/2026,APP,Android,Kinh doanh,Phóng viên,10.94.26.9
1206,thiha,Story,05:41:59 18/09/2026,APP,Android,Kinh doanh,Phóng viên,10.94.26.9
1207,thiha,Story,05:41:47 18/09/2026,APP,Android,Kinh doanh,Phóng viên,10.94.26.9
1208,thiha,Story,05:41:36 18/09/2026,APP,Android,Kinh doanh,Phóng viên,10.94.26.9
1209,thiha,Story,05:41:25 18/09/2026,APP,Android,Kinh doanh,Phóng viên,10.94.26.9
1210,thiha,Story,05:41:14 18/09/2026,APP,Android,Kinh doanh,Phóng viên,10.94.26.9
1211,thiha,Story,05:41:03 18/09/2026,APP,Android,Kinh doanh,Phóng viên,10.94.26.9
1212,thiha,Story,05:40:51 18/09/2026,APP,Android,Kinh doanh,Phóng viên,10.94.26.9
1213,thiha,Story,05:40:40 18/09/2026,APP,Android,Kinh doanh,Phóng viên,10.94.26.9
1214,thiha,Story,05:40:29 18/09/2026,APP,Android,Kinh doanh,Phóng viên,10.94.26.9
1215,thiha,Story,05:40:18 18/09/2026,APP,Android,Kinh doanh,Phóng viên,10.94.26.9
1216,thiha,Story,05:40:06 18/09/2026,APP,Android,Kinh doanh,Phóng viên,10.94.26.9
1217,thiha,Story,05:39:55 18/09/2026,APP,Android,Kinh doanh,Phóng viên,10.94.26.9
1218,thiha,Story,05:39:44 18/09/2026,APP,Android,Kinh doanh,Phóng viên,10.94.26.9
1219,thiha,Story,05:39:33 18/09/2026,APP,Android,Kinh doanh,Phóng viên,10.94.26.9
1220,thiha,Story,05:39:21 18/09/2026,APP,Android,Kinh doanh,Phóng viên,10.94.26.9
1221,thiha,Story,05:39:10 18/09/2026,APP,Android,Kinh doanh,Phóng viên,10.94.26.9
1222,thiha,Story,05:38:59 18/09/2026,APP,Android,Kinh doanh,Phóng viên,10.94.26.9
1223,thiha,Story,05:38:48 18/09/2026,APP,Android,Kinh doanh,Phóng viên,10.94.26.9
1224,thiha,Story,05:38:36 18/09/2026,APP,Android,Kinh doanh,Phóng viên,10.94.26.9
1225,thiha,Story,05:38:25 18/09/2026,APP,Android,Kinh doanh,Phóng viên,10.94.26.9
1226,thiha,Story,05:38:14 18/09/2026,APP,Android,Kinh doanh,Phóng viên,10.94.26.9
1227,thiha,Story,05:38:03 18/09/2026,APP,Android,Kinh doanh,Phóng viên,10.94.26.9
1228,thiha,Story,05:37:51 18/09/2026,APP,Android,Kinh doanh,Phóng viên,10.94.26.9
1229,thiha,Story,05:37:40 18/09/2026,APP,Android,Kinh doanh,Phóng viên,10.94.26.9
1230,thiha,Story,05:37:29 18/09/2026,APP,Android,Kinh doanh,Phóng viên,10.94.26.9
1231,thiha,Story,05:37:18 18/09/2026,APP,Android,Kinh doanh,Phóng viên,10.94.26.9
1232,thiha,Story,05:37:06 18/09/2026,APP,Android,Kinh doanh,Phóng viên,10.94.26.9
1233,thiha,Story,05:36:55 18/09/2026,APP,Android,Kinh doanh,Phóng viên,10.94.26.9
1234,thiha,Story,05:36:44 18/09/2026,APP,Android,Kinh doanh,Phóng viên,10.94.26.9
1235,thiha,Story,05:36:33 18/09/2026,APP,Android,Kinh doanh,Phóng viên,10.94.26.9
1236,thiha,Story,05:36:21 18/09/2026,APP,Android,Kinh doanh,Phóng viên,10.94.26.9
1237,thiha,Story,05:36:10 18/09/2026,APP,Android,Kinh doanh,Phóng viên,10.94.26.9
1238,thiha,Story,05:35:59 18/09/2026,APP,Android,Kinh doanh,Phóng viên,10.94.26.9
1239,thiha,Story,05:35:48 18/09/2026,APP,Android,Kinh doanh,Phóng viên,10.94.26.9
1240,thiha,Story,05:35:36 18/09/2026,APP,Android,Kinh doanh,Phóng viên,10.94.26.9
1241,thiha,Story,05:35:25 18/09/2026,APP,Android,Kinh doanh,Phóng viên,10.94.26.9
1242,thiha,Story,05:35:14 18/09/2026,APP,Android,Kinh doanh,Phóng viên,10.94.26.9
1243,thiha,Story,05:35:03 18/09/2026,APP,Android,Kinh doanh,Phóng viên,10.94.26.9
1244,thiha,Story,05:34:52 18/09/2026,APP,Android,Kinh doanh,Phóng viên,10.94.26.9
1245,thiha,Story,05:34:40 18/09/2026,APP,Android,Kinh doanh,Phóng viên,10.94.26.9
1246,thiha,Story,05:34:29 18/09/2026,APP,Android,Kinh doanh,Phóng viên,10.94.26.9
1247,thiha,Story,05:34:18 18/09/2026,APP,Android,Kinh doanh,Phóng viên,10.94.26.9
1248,thiha,Story,05:34:07 18/09/2026,APP,Android,Kinh doanh,Phóng viên,10.94.26.9
1249,thiha,Story,05:33:55 18/09/2026,APP,Android,Kinh doanh,Phóng viên,10.94.26.9
1250,thiha,Story,05:33:44 18/09/2026,APP,Android,Kinh doanh,Phóng viên,10.94.26.9
1251,thiha,Story,05:33:33 18/09/2026,APP,Android,Kinh doanh,Phóng viên,10.94.26.9
1252,thiha,Story,05:33:22 18/09/2026,APP,Android,Kinh doanh,Phóng viên,10.94.26.9
1253,thiha,Story,05:33:10 18/09/2026,APP,Android,Kinh doanh,Phóng viên,10.94.26.9
1254,thiha,Story,05:32:59 18/09/2026,APP,Android,Kinh doanh,Phóng viên,10.94.26.9
1255,thiha,Story,05:32:48 18/09/2026,APP,Android,Kinh doanh,Phóng viên,10.94.26.9
1256,thiha,Story,05:32:37 18/09/2026,APP,Android,Kinh doanh,Phóng viên,10.94.26.9
1257,thiha,Story,05:32:25 18/09/2026,APP,Android,Kinh doanh,Phóng viên,10.94.26.9
1258,thiha,Story,05:32:14 18/09/2026,APP,Android,Kinh doanh,Phóng viên,10.94.26.9
1259,thiha,Story,05:32:03 18/09/2026,APP,Android,Kinh doanh,Phóng viên,10.94.26.9
1260,thiha,Story,05:31:52 18/09/2026,APP,Android,Kinh doanh,Phóng viên,10.94.26.9
1261,thiha,Story,05:31:40 18/09/2026,APP,Android,Kinh doanh,Phóng viên,10.94.26.9
1262,thiha,Story,05:31:29 18/09/2026,APP,Android,Kinh doanh,Phóng viên,10.94.26.9
1263,thiha,Story,05:31:18 18/09/2026,APP,Android,Kinh doanh,Phóng viên,10.94.26.9
1264,thiha,Story,05:31:07 18/09/2026,APP,Android,Kinh doanh,Phóng viên,10.94.26.9
1265,thiha,Story,05:30:55 18/09/2026,APP,Android,Kinh doanh,Phóng viên,10.94.26.9
1266,thiha,Story,05:30:44 18/09/2026,APP,Android,Kinh doanh,Phóng viên,10.94.26.9
1267,thiha,Story,05:30:33 18/09/2026,APP,Android,Kinh doanh,Phóng viên,10.94.26.9
1268,thiha,Story,05:30:22 18/09/2026,APP,Android,Kinh doanh,Phóng viên,10.94.26.9
1269,thiha,Story,05:30:10 18/09/2026,APP,Android,Kinh doanh,Phóng viên,10.94.26.9
1270,thiha,Story,05:29:59 18/09/2026,APP,Android,Kinh doanh,Phóng viên,10.94.26.9
1271,thiha,Story,05:29:48 18/09/2026,APP,Android,Kinh doanh,Phóng viên,10.94.26.9
1272,thiha,Story,05:29:37 18/09/2026,APP,Android,Kinh doanh,Phóng viên,10.94.26.9
1273,thiha,Story,05:29:25 18/09/2026,APP,Android,Kinh doanh,Phóng viên,10.94.26.9
1274,thiha,Story,05:29:14 18/09/2026,APP,Android,Kinh doanh,Phóng viên,10.94.26.9
1275,thiha,Story,05:29:03 18/09/2026,APP,Android,Kinh doanh,Phóng viên,10.94.26.9
1276,thiha,Story,05:28:52 18/09/2026,APP,Android,Kinh doanh,Phóng viên,10.94.26.9
1277,thiha,Story,05:28:40 18/09/2026,APP,Android,Kinh doanh,Phóng viên,10.94.26.9
1278,thiha,Story,05:28:29 18/09/2026,APP,Android,Kinh doanh,Phóng viên,10.94.26.9
1279,thiha,Story,05:28:18 18/09/2026,APP,Android,Kinh doanh,Phóng viên,10.94.26.9
1280,thiha,Story,05:28:07 18/09/2026,APP,Android,Kinh doanh,Phóng viên,10.94.26.9
1281,thiha,Story,05:27:55 18/09/2026,APP,Android,Kinh doanh,Phóng viên,10.94.26.9
1282,thiha,Story,05:27:44 18/09/2026,APP,Android,Kinh doanh,Phóng viên,10.94.26.9
1283,thiha,Story,05:27:33 18/09/2026,APP,Android,Kinh doanh,Phóng viên,10.94.26.9
1284,thiha,Story,05:27:22 18/09/2026,APP,Android,Kinh doanh,Phóng viên,10.94.26.9
1285,thiha,Story,05:27:10 18/09/2026,APP,Android,Kinh doanh,Phóng viên,10.94.26.9
1286,thiha,Story,05:26:59 18/09/2026,APP,Android,Kinh doanh,Phóng viên,10.94.26.9
1287,thiha,Story,05:26:48 18/09/2026,APP,Android,Kinh doanh,Phóng viên,10.94.26.9
1288,thiha,Story,05:26:37 18/09/2026,APP,Android,Kinh doanh,Phóng viên,10.94.26.9
1289,thiha,Story,05:26:25 18/09/2026,APP,Android,Kinh doanh,Phóng viên,10.94.26.9
1290,thiha,Story,05:26:14 18/09/2026,APP,Android,Kinh doanh,Phóng viên,10.94.26.9
1291,thiha,Story,05:26:03 18/09/2026,APP,Android,Kinh doanh,Phóng viên,10.94.26.9
1292,thiha,Story,05:25:52 18/09/2026,APP,Android,Kinh doanh,Phóng viên,10.94.26.9
1293,thiha,Story,05:25:40 18/09/2026,APP,Android,Kinh doanh,Phóng viên,10.94.26.9
1294,thiha,Story,05:25:29 18/09/2026,APP,Android,Kinh doanh,Phóng viên,10.94.26.9
1295,thiha,Story,05:25:18 18/09/2026,APP,Android,Kinh doanh,Phóng viên,10.94.26.9
1296,thiha,Story,05:25:07 18/09/2026,APP,Android,Kinh doanh,Phóng viên,10.94.26.9
1297,thiha,Story,05:24:55 18/09/2026,APP,Android,Kinh doanh,Phóng viên,10.94.26.9
1298,thiha,Story,05:24:44 18/09/2026,APP,Android,Kinh doanh,Phóng viên,10.94.26.9
1299,thiha,Story,05:24:33 18/09/2026,APP,Android,Kinh doanh,Phóng viên,10.94.26.9
1300,thiha,Story,05:24:22 18/09/2026,APP,Android,Kinh doanh,Phóng viên,10.94.26.9
1301,thiha,Story,05:24:10 18/09/2026,APP,Android,Kinh doanh,Phóng viên,10.94.26.9
1302,thiha,Story,05:23:59 18/09/2026,APP,Android,Kinh doanh,Phóng viên,10.94.26.9
1303,thiha,Story,05:23:48 18/09/2026,APP,Android,Kinh doanh,Phóng viên,10.94.26.9
1304,thiha,Story,05:23:37 18/09/2026,APP,Android,Kinh doanh,Phóng viên,10.94.26.9
1305,thiha,Story,05:23:25 18/09/2026,APP,Android,Kinh doanh,Phóng viên,10.94.26.9
1306,thiha,Story,05:23:14 18/09/2026,APP,Android,Kinh doanh,Phóng viên,10.94.26.9
1307,thiha,Story,05:23:03 18/09/2026,APP,Android,Kinh doanh,Phóng viên,10.94.26.9
1308,thiha,Story,05:22:52 18/09/2026,APP,Android,Kinh doanh,Phóng viên,10.94.26.9
1309,thiha,Story,05:22:40 18/09/2026,APP,Android,Kinh doanh,Phóng viên,10.94.26.9
1310,thiha,Story,05:22:29 18/09/2026,APP,Android,Kinh doanh,Phóng viên,10.94.26.9
1311,thiha,Story,05:22:18 18/09/2026,APP,Android,Kinh doanh,Phóng viên,10.94.26.9
1312,thiha,Story,05:22:07 18/09/2026,APP,Android,Kinh doanh,Phóng viên,10.94.26.9
1313,thiha,Story,05:21:55 18/09/2026,APP,Android,Kinh doanh,Phóng viên,10.94.26.9
1314,thiha,Story,05:21:44 18/09/2026,APP,Android,Kinh doanh,Phóng viên,10.94.26.9
1315,thiha,Story,05:21:33 18/09/2026,APP,Android,Kinh doanh,Phóng viên,10.94.26.9
1316,thiha,Story,05:21:22 18/09/2026,APP,Android,Kinh doanh,Phóng viên,10.94.26.9
1317,thiha,Story,05:21:10 18/09/2026,APP,Android,Kinh doanh,Phóng viên,10.94.26.9
1318,thiha,Story,05:20:59 18/09/2026,APP,Android,Kinh doanh,Phóng viên,10.94.26.9
1319,thiha,Story,05:20:48 18/09/2026,APP,Android,Kinh doanh,Phóng viên,10.94.26.9
1320,thiha,Story,05:20:37 18/09/2026,APP,Android,Kinh doanh,Phóng viên,10.94.26.9
1321,thiha,Story,05:20:25 18/09/2026,APP,Android,Kinh doanh,Phóng viên,10.94.26.9
1322,thiha,Story,05:20:14 18/09/2026,APP,Android,Kinh doanh,Phóng viên,10.94.26.9
1323,thiha,Story,05:20:03 18/09/2026,APP,Android,Kinh doanh,Phóng viên,10.94.26.9
1324,thiha,Story,05:19:52 18/09/2026,APP,Android,Kinh doanh,Phóng viên,10.94.26.9
1325,thiha,Story,05:19:40 18/09/2026,APP,Android,Kinh doanh,Phóng viên,10.94.26.9
1326,thiha,Story,05:19:29 18/09/2026,APP,Android,Kinh doanh,Phóng viên,10.94.26.9
1327,thiha,Story,05:19:18 18/09/2026,APP,Android,Kinh doanh,Phóng viên,10.94.26.9
1328,thiha,Story,05:19:07 18/09/2026,APP,Android,Kinh doanh,Phóng viên,10.94.26.9
1329,thiha,Story,05:18:55 18/09/2026,APP,Android,Kinh doanh,Phóng viên,10.94.26.9
1330,thiha,Story,05:18:44 18/09/2026,APP,Android,Kinh doanh,Phóng viên,10.94.26.9
1331,thiha,Story,05:18:33 18/09/2026,APP,Android,Kinh doanh,Phóng viên,10.94.26.9
1332,thiha,Story,05:18:22 18/09/2026,APP,Android,Kinh doanh,Phóng viên,10.94.26.9
1333,thiha,Story,05:18:10 18/09/2026,APP,Android,Kinh doanh,Phóng viên,10.94.26.9
1334,thiha,Story,05:17:59 18/09/2026,APP,Android,Kinh doanh,Phóng viên,10.94.26.9
1335,thiha,Story,05:17:48 18/09/2026,APP,Android,Kinh doanh,Phóng viên,10.94.26.9
1336,thiha,Story,05:17:37 18/09/2026,APP,Android,Kinh doanh,Phóng viên,10.94.26.9
1337,thiha,Story,05:17:25 18/09/2026,APP,Android,Kinh doanh,Phóng viên,10.94.26.9
1338,thiha,Story,05:17:14 18/09/2026,APP,Android,Kinh doanh,Phóng viên,10.94.26.9
1339,thiha,Story,05:17:03 18/09/2026,APP,Android,Kinh doanh,Phóng viên,10.94.26.9
1340,thiha,Story,05:16:52 18/09/2026,APP,Android,Kinh doanh,Phóng viên,10.94.26.9
1341,thiha,Story,05:16:40 18/09/2026,APP,Android,Kinh doanh,Phóng viên,10.94.26.9
1342,thiha,Story,05:16:29 18/09/2026,APP,Android,Kinh doanh,Phóng viên,10.94.26.9
1343,thiha,Story,05:16:18 18/09/2026,APP,Android,Kinh doanh,Phóng viên,10.94.26.9
1344,thiha,Story,05:16:07 18/09/2026,APP,Android,Kinh doanh,Phóng viên,10.94.26.9
1345,thiha,Story,05:15:55 18/09/2026,APP,Android,Kinh doanh,Phóng viên,10.94.26.9
1346,thiha,Story,05:15:44 18/09/2026,APP,Android,Kinh doanh,Phóng viên,10.94.26.9
1347,thiha,Story,05:15:33 18/09/2026,APP,Android,Kinh doanh,Phóng viên,10.94.26.9
1348,thiha,Story,05:15:22 18/09/2026,APP,Android,Kinh doanh,Phóng viên,10.94.26.9
1349,thiha,Story,05:15:10 18/09/2026,APP,Android,Kinh doanh,Phóng viên,10.94.26.9
1350,thiha,Story,05:14:59 18/09/2026,APP,Android,Kinh doanh,Phóng viên,10.94.26.9
1351,thiha,Story,05:14:48 18/09/2026,APP,Android,Kinh doanh,Phóng viên,10.94.26.9
1352,thiha,Story,05:14:37 18/09/2026,APP,Android,Kinh doanh,Phóng viên,10.94.26.9
1353,thiha,Story,05:14:25 18/09/2026,APP,Android,Kinh doanh,Phóng viên,10.94.26.9
1354,thiha,Story,05:14:14 18/09/2026,APP,Android,Kinh doanh,Phóng viên,10.94.26.9
1355,thiha,Story,05:14:03 18/09/2026,APP,Android,Kinh doanh,Phóng viên,10.94.26.9
1356,thiha,Story,05:13:52 18/09/2026,APP,Android,Kinh doanh,Phóng viên,10.94.26.9
1357,thiha,Story,05:13:40 18/09/2026,APP,Android,Kinh doanh,Phóng viên,10.94.26.9
1358,thiha,Story,05:13:29 18/09/2026,APP,Android,Kinh doanh,Phóng viên,10.94.26.9
1359,thiha,Story,05:13:18 18/09/2026,APP,Android,Kinh doanh,Phóng viên,10.94.26.9
1360,thiha,Story,05:13:07 18/09/2026,APP,Android,Kinh doanh,Phóng viên,10.94.26.9
1361,thiha,Story,05:12:55 18/09/2026,APP,Android,Kinh doanh,Phóng viên,10.94.26.9
1362,thiha,Story,05:12:44 18/09/2026,APP,Android,Kinh doanh,Phóng viên,10.94.26.9
1363,thiha,Story,05:12:33 18/09/2026,APP,Android,Kinh doanh,Phóng viên,10.94.26.9
1364,thiha,Story,05:12:22 18/09/2026,APP,Android,Kinh doanh,Phóng viên,10.94.26.9
1365,thiha,Story,05:12:10 18/09/2026,APP,Android,Kinh doanh,Phóng viên,10.94.26.9
1366,thiha,Story,05:11:59 18/09/2026,APP,Android,Kinh doanh,Phóng viên,10.94.26.9
1367,thiha,Story,05:11:48 18/09/2026,APP,Android,Kinh doanh,Phóng viên,10.94.26.9
1368,thiha,Story,05:11:37 18/09/2026,APP,Android,Kinh doanh,Phóng viên,10.94.26.9
1369,thiha,Story,05:11:25 18/09/2026,APP,Android,Kinh doanh,Phóng viên,10.94.26.9
1370,thiha,Story,05:11:14 18/09/2026,APP,Android,Kinh doanh,Phóng viên,10.94.26.9
1371,thiha,Story,05:11:03 18/09/2026,APP,Android,Kinh doanh,Phóng viên,10.94.26.9
1372,thiha,Story,05:10:52 18/09/2026,APP,Android,Kinh doanh,Phóng viên,10.94.26.9
1373,thiha,Story,05:10:40 18/09/2026,APP,Android,Kinh doanh,Phóng viên,10.94.26.9
1374,thiha,Story,05:10:29 18/09/2026,APP,Android,Kinh doanh,Phóng viên,10.94.26.9
1375,thiha,Story,05:10:18 18/09/2026,APP,Android,Kinh doanh,Phóng viên,10.94.26.9
1376,thiha,Story,05:10:07 18/09/2026,APP,Android,Kinh doanh,Phóng viên,10.94.26.9
1377,thiha,Story,05:09:55 18/09/2026,APP,Android,Kinh doanh,Phóng viên,10.94.26.9
1378,thiha,Story,05:09:44 18/09/2026,APP,Android,Kinh doanh,Phóng viên,10.94.26.9
1379,thiha,Story,05:09:33 18/09/2026,APP,Android,Kinh doanh,Phóng viên,10.94.26.9
1380,thiha,Story,05:09:22 18/09/2026,APP,Android,Kinh doanh,Phóng viên,10.94.26.9
1381,thiha,Story,05:09:10 18/09/2026,APP,Android,Kinh doanh,Phóng viên,10.94.26.9
1382,thiha,Story,05:08:59 18/09/2026,APP,Android,Kinh doanh,Phóng viên,10.94.26.9
1383,thiha,Story,05:08:48 18/09/2026,APP,Android,Kinh doanh,Phóng viên,10.94.26.9
1384,thiha,Story,05:08:37 18/09/2026,APP,Android,Kinh doanh,Phóng viên,10.94.26.9
1385,thiha,Story,05:08:25 18/09/2026,APP,Android,Kinh doanh,Phóng viên,10.94.26.9
1386,thiha,Story,05:08:14 18/09/2026,APP,Android,Kinh doanh,Phóng viên,10.94.26.9
1387,thiha,Story,05:08:03 18/09/2026,APP,Android,Kinh doanh,Phóng viên,10.94.26.9
1388,thiha,Story,05:07:52 18/09/2026,APP,Android,Kinh doanh,Phóng viên,10.94.26.9
1389,thiha,Story,05:07:40 18/09/2026,APP,Android,Kinh doanh,Phóng viên,10.94.26.9
1390,thiha,Story,05:07:29 18/09/2026,APP,Android,Kinh doanh,Phóng viên,10.94.26.9
1391,thiha,Story,05:07:18 18/09/2026,APP,Android,Kinh doanh,Phóng viên,10.94.26.9
1392,thiha,Story,05:07:07 18/09/2026,APP,Android,Kinh doanh,Phóng viên,10.94.26.9
1393,thiha,Story,05:06:55 18/09/2026,APP,Android,Kinh doanh,Phóng viên,10.94.26.9
1394,thiha,Story,05:06:44 18/09/2026,APP,Android,Kinh doanh,Phóng viên,10.94.26.9
1395,thiha,Story,05:06:33 18/09/2026,APP,Android,Kinh doanh,Phóng viên,10.94.26.9
1396,thiha,Story,05:06:22 18/09/2026,APP,Android,Kinh doanh,Phóng viên,10.94.26.9
1397,thiha,Story,05:06:10 18/09/2026,APP,Android,Kinh doanh,Phóng viên,10.94.26.9
1398,thiha,Story,05:05:59 18/09/2026,APP,Android,Kinh doanh,Phóng viên,10.94.26.9
1399,thiha,Story,05:05:48 18/09/2026,APP,Android,Kinh doanh,Phóng viên,10.94.26.9
1400,thiha,Story,05:05:37 18/09/2026,APP,Android,Kinh doanh,Phóng viên,10.94.26.9
1401,thiha,Story,05:05:25 18/09/2026,APP,Android,Kinh doanh,Phóng viên,10.94.26.9
1402,thiha,Story,05:05:14 18/09/2026,APP,Android,Kinh doanh,Phóng viên,10.94.26.9
1403,thiha,Story,05:05:03 18/09/2026,APP,Android,Kinh doanh,Phóng viên,10.94.26.9
1404,thiha,Story,05:04:52 18/09/2026,APP,Android,Kinh doanh,Phóng viên,10.94.26.9
1405,thiha,Story,05:04:40 18/09/2026,APP,Android,Kinh doanh,Phóng viên,10.94.26.9
1406,thiha,Story,05:04:29 18/09/2026,APP,Android,Kinh doanh,Phóng viên,10.94.26.9
1407,thiha,Story,05:04:18 18/09/2026,APP,Android,Kinh doanh,Phóng viên,10.94.26.9
1408,thiha,Story,05:04:07 18/09/2026,APP,Android,Kinh doanh,Phóng viên,10.94.26.9
1409,thiha,Story,05:03:55 18/09/2026,APP,Android,Kinh doanh,Phóng viên,10.94.26.9
1410,thiha,Story,05:03:44 18/09/2026,APP,Android,Kinh doanh,Phóng viên,10.94.26.9
1411,thiha,Story,05:03:33 18/09/2026,APP,Android,Kinh doanh,Phóng viên,10.94.26.9
1412,thiha,Story,05:03:22 18/09/2026,APP,Android,Kinh doanh,Phóng viên,10.94.26.9
1413,thiha,Story,05:03:10 18/09/2026,APP,Android,Kinh doanh,Phóng viên,10.94.26.9
1414,thiha,Story,05:02:59 18/09/2026,APP,Android,Kinh doanh,Phóng viên,10.94.26.9
1415,thiha,Story,05:02:48 18/09/2026,APP,Android,Kinh doanh,Phóng viên,10.94.26.9
1416,thiha,Story,05:02:37 18/09/2026,APP,Android,Kinh doanh,Phóng viên,10.94.26.9
1417,thiha,Story,05:02:25 18/09/2026,APP,Android,Kinh doanh,Phóng viên,10.94.26.9
1418,thiha,Story,05:02:14 18/09/2026,APP,Android,Kinh doanh,Phóng viên,10.94.26.9
1419,thiha,Story,05:02:03 18/09/2026,APP,Android,Kinh doanh,Phóng viên,10.94.26.9
1420,thiha,Story,05:01:52 18/09/2026,APP,Android,Kinh doanh,Phóng viên,10.94.26.9
1421,thiha,Story,05:01:40 18/09/2026,APP,Android,Kinh doanh,Phóng viên,10.94.26.9
1422,thiha,Story,05:01:29 18/09/2026,APP,Android,Kinh doanh,Phóng viên,10.94.26.9
1423,thiha,Story,05:01:18 18/09/2026,APP,Android,Kinh doanh,Phóng viên,10.94.26.9
1424,thiha,Story,05:01:07 18/09/2026,APP,Android,Kinh doanh,Phóng viên,10.94.26.9
1425,thiha,Story,05:00:55 18/09/2026,APP,Android,Kinh doanh,Phóng viên,10.94.26.9
1426,thiha,Story,05:00:44 18/09/2026,APP,Android,Kinh doanh,Phóng viên,10.94.26.9
1427,thiha,Story,05:00:33 18/09/2026,APP,Android,Kinh doanh,Phóng viên,10.94.26.9
1428,thiha,Story,05:00:22 18/09/2026,APP,Android,Kinh doanh,Phóng viên,10.94.26.9
1429,thiha,Story,05:00:10 18/09/2026,APP,Android,Kinh doanh,Phóng viên,10.94.26.9
1430,thiha,Story,04:59:59 18/09/2026,APP,Android,Kinh doanh,Phóng viên,10.94.26.9
1431,thiha,Story,04:59:48 18/09/2026,APP,Android,Kinh doanh,Phóng viên,10.94.26.9
1432,thiha,Story,04:59:37 18/09/2026,APP,Android,Kinh doanh,Phóng viên,10.94.26.9
1433,thiha,Story,04:59:25 18/09/2026,APP,Android,Kinh doanh,Phóng viên,10.94.26.9
1434,thiha,Story,04:59:14 18/09/2026,APP,Android,Kinh doanh,Phóng viên,10.94.26.9
1435,thiha,Story,04:59:03 18/09/2026,APP,Android,Kinh doanh,Phóng viên,10.94.26.9
1436,thiha,Story,04:58:52 18/09/2026,APP,Android,Kinh doanh,Phóng viên,10.94.26.9
1437,thiha,Story,04:58:40 18/09/2026,APP,Android,Kinh doanh,Phóng viên,10.94.26.9
1438,thiha,Story,04:58:29 18/09/2026,APP,Android,Kinh doanh,Phóng viên,10.94.26.9
1439,thiha,Story,04:58:18 18/09/2026,APP,Android,Kinh doanh,Phóng viên,10.94.26.9
1440,thiha,Story,04:58:07 18/09/2026,APP,Android,Kinh doanh,Phóng viên,10.94.26.9
1441,thiha,Story,04:57:55 18/09/2026,APP,Android,Kinh doanh,Phóng viên,10.94.26.9
1442,thiha,Story,04:57:44 18/09/2026,APP,Android,Kinh doanh,Phóng viên,10.94.26.9
1443,thiha,Story,04:57:33 18/09/2026,APP,Android,Kinh doanh,Phóng viên,10.94.26.9
1444,thiha,Story,04:57:22 18/09/2026,APP,Android,Kinh doanh,Phóng viên,10.94.26.9
1445,thiha,Story,04:57:10 18/09/2026,APP,Android,Kinh doanh,Phóng viên,10.94.26.9
1446,thiha,Story,04:56:59 18/09/2026,APP,Android,Kinh doanh,Phóng viên,10.94.26.9
1447,thiha,Story,04:56:48 18/09/2026,APP,Android,Kinh doanh,Phóng viên,10.94.26.9
1448,thiha,Story,04:56:37 18/09/2026,APP,Android,Kinh doanh,Phóng viên,10.94.26.9
1449,thiha,Story,04:56:25 18/09/2026,APP,Android,Kinh doanh,Phóng viên,10.94.26.9
1450,thiha,Story,04:56:14 18/09/2026,APP,Android,Kinh doanh,Phóng viên,10.94.26.9
1451,thiha,Story,04:56:03 18/09/2026,APP,Android,Kinh doanh,Phóng viên,10.94.26.9
1452,thiha,Story,04:55:52 18/09/2026,APP,Android,Kinh doanh,Phóng viên,10.94.26.9
1453,thiha,Story,04:55:40 18/09/2026,APP,Android,Kinh doanh,Phóng viên,10.94.26.9
1454,thiha,Story,04:55:29 18/09/2026,APP,Android,Kinh doanh,Phóng viên,10.94.26.9
1455,thiha,Story,04:55:18 18/09/2026,APP,Android,Kinh doanh,Phóng viên,10.94.26.9
1456,thiha,Story,04:55:07 18/09/2026,APP,Android,Kinh doanh,Phóng viên,10.94.26.9
1457,thiha,Story,04:54:55 18/09/2026,APP,Android,Kinh doanh,Phóng viên,10.94.26.9
1458,thiha,Story,04:54:44 18/09/2026,APP,Android,Kinh doanh,Phóng viên,10.94.26.9
1459,thiha,Story,04:54:33 18/09/2026,APP,Android,Kinh doanh,Phóng viên,10.94.26.9
1460,thiha,Story,04:54:22 18/09/2026,APP,Android,Kinh doanh,Phóng viên,10.94.26.9
1461,thiha,Story,04:54:10 18/09/2026,APP,Android,Kinh doanh,Phóng viên,10.94.26.9
1462,thiha,Story,04:53:59 18/09/2026,APP,Android,Kinh doanh,Phóng viên,10.94.26.9
1463,thiha,Story,04:53:48 18/09/2026,APP,Android,Kinh doanh,Phóng viên,10.94.26.9
1464,thiha,Story,04:53:37 18/09/2026,APP,Android,Kinh doanh,Phóng viên,10.94.26.9
1465,thiha,Story,04:53:25 18/09/2026,APP,Android,Kinh doanh,Phóng viên,10.94.26.9
1466,thiha,Story,04:53:14 18/09/2026,APP,Android,Kinh doanh,Phóng viên,10.94.26.9
1467,thiha,Story,04:53:03 18/09/2026,APP,Android,Kinh doanh,Phóng viên,10.94.26.9
1468,thiha,Story,04:52:52 18/09/2026,APP,Android,Kinh doanh,Phóng viên,10.94.26.9
1469,thiha,Story,04:52:40 18/09/2026,APP,Android,Kinh doanh,Phóng viên,10.94.26.9
1470,thiha,Story,04:52:29 18/09/2026,APP,Android,Kinh doanh,Phóng viên,10.94.26.9
1471,thiha,Story,04:52:18 18/09/2026,APP,Android,Kinh doanh,Phóng viên,10.94.26.9
1472,thiha,Story,04:52:07 18/09/2026,APP,Android,Kinh doanh,Phóng viên,10.94.26.9
1473,thiha,Story,04:51:55 18/09/2026,APP,Android,Kinh doanh,Phóng viên,10.94.26.9
1474,thiha,Story,04:51:44 18/09/2026,APP,Android,Kinh doanh,Phóng viên,10.94.26.9
1475,thiha,Story,04:51:33 18/09/2026,APP,Android,Kinh doanh,Phóng viên,10.94.26.9
1476,thiha,Story,04:51:22 18/09/2026,APP,Android,Kinh doanh,Phóng viên,10.94.26.9
1477,thiha,Story,04:51:10 18/09/2026,APP,Android,Kinh doanh,Phóng viên,10.94.26.9
1478,thiha,Story,04:50:59 18/09/2026,APP,Android,Kinh doanh,Phóng viên,10.94.26.9
1479,thiha,Story,04:50:48 18/09/2026,APP,Android,Kinh doanh,Phóng viên,10.94.26.9
1480,thiha,Story,04:50:37 18/09/2026,APP,Android,Kinh doanh,Phóng viên,10.94.26.9
1481,thiha,Story,04:50:25 18/09/2026,APP,Android,Kinh doanh,Phóng viên,10.94.26.9
1482,thiha,Story,04:50:14 18/09/2026,APP,Android,Kinh doanh,Phóng viên,10.94.26.9
1483,thiha,Story,04:50:03 18/09/2026,APP,Android,Kinh doanh,Phóng viên,10.94.26.9
1484,thiha,Story,04:49:52 18/09/2026,APP,Android,Kinh doanh,Phóng viên,10.94.26.9
1485,thiha,Story,04:49:40 18/09/2026,APP,Android,Kinh doanh,Phóng viên,10.94.26.9
1486,thiha,Story,04:49:29 18/09/2026,APP,Android,Kinh doanh,Phóng viên,10.94.26.9
1487,thiha,Story,04:49:18 18/09/2026,APP,Android,Kinh doanh,Phóng viên,10.94.26.9
1488,thiha,Story,04:49:07 18/09/2026,APP,Android,Kinh doanh,Phóng viên,10.94.26.9
1489,thiha,Story,04:48:55 18/09/2026,APP,Android,Kinh doanh,Phóng viên,10.94.26.9
1490,thiha,Story,04:48:44 18/09/2026,APP,Android,Kinh doanh,Phóng viên,10.94.26.9
1491,thiha,Story,04:48:33 18/09/2026,APP,Android,Kinh doanh,Phóng viên,10.94.26.9
1492,thiha,Story,04:48:22 18/09/2026,APP,Android,Kinh doanh,Phóng viên,10.94.26.9
1493,thiha,Story,04:48:10 18/09/2026,APP,Android,Kinh doanh,Phóng viên,10.94.26.9
1494,thiha,Story,04:47:59 18/09/2026,APP,Android,Kinh doanh,Phóng viên,10.94.26.9
1495,thiha,Story,04:47:48 18/09/2026,APP,Android,Kinh doanh,Phóng viên,10.94.26.9
1496,thiha,Story,04:47:37 18/09/2026,APP,Android,Kinh doanh,Phóng viên,10.94.26.9
1497,thiha,Story,04:47:25 18/09/2026,APP,Android,Kinh doanh,Phóng viên,10.94.26.9
1498,thiha,Story,04:47:14 18/09/2026,APP,Android,Kinh doanh,Phóng viên,10.94.26.9
1499,thiha,Story,04:47:03 18/09/2026,APP,Android,Kinh doanh,Phóng viên,10.94.26.9
1500,thiha,Story,04:46:52 18/09/2026,APP,Android,Kinh doanh,Phóng viên,10.94.26.9
1501,thiha,Story,04:46:40 18/09/2026,APP,Android,Kinh doanh,Phóng viên,10.94.26.9
1502,thiha,Story,04:46:29 18/09/2026,APP,Android,Kinh doanh,Phóng viên,10.94.26.9
1503,thiha,Story,04:46:18 18/09/2026,APP,Android,Kinh doanh,Phóng viên,10.94.26.9
1504,thiha,Story,04:46:07 18/09/2026,APP,Android,Kinh doanh,Phóng viên,10.94.26.9
1505,thiha,Story,04:45:55 18/09/2026,APP,Android,Kinh doanh,Phóng viên,10.94.26.9
1506,thiha,Story,04:45:44 18/09/2026,APP,Android,Kinh doanh,Phóng viên,10.94.26.9
1507,thiha,Story,04:45:33 18/09/2026,APP,Android,Kinh doanh,Phóng viên,10.94.26.9
1508,thiha,Story,04:45:22 18/09/2026,APP,Android,Kinh doanh,Phóng viên,10.94.26.9
1509,thiha,Story,04:45:10 18/09/2026,APP,Android,Kinh doanh,Phóng viên,10.94.26.9
1510,thiha,Story,04:44:59 18/09/2026,APP,Android,Kinh doanh,Phóng viên,10.94.26.9
1511,thiha,Story,04:44:48 18/09/2026,APP,Android,Kinh doanh,Phóng viên,10.94.26.9
1512,thiha,Story,04:44:37 18/09/2026,APP,Android,Kinh doanh,Phóng viên,10.94.26.9
1513,thiha,Story,04:44:25 18/09/2026,APP,Android,Kinh doanh,Phóng viên,10.94.26.9
1514,thiha,Story,04:44:14 18/09/2026,APP,Android,Kinh doanh,Phóng viên,10.94.26.9
1515,thiha,Story,04:44:03 18/09/2026,APP,Android,Kinh doanh,Phóng viên,10.94.26.9
1516,thiha,Story,04:43:52 18/09/2026,APP,Android,Kinh doanh,Phóng viên,10.94.26.9
1517,thiha,Story,04:43:40 18/09/2026,APP,Android,Kinh doanh,Phóng viên,10.94.26.9
1518,thiha,Story,04:43:29 18/09/2026,APP,Android,Kinh doanh,Phóng viên,10.94.26.9
1519,thiha,Story,04:43:18 18/09/2026,APP,Android,Kinh doanh,Phóng viên,10.94.26.9
1520,thiha,Story,04:43:07 18/09/2026,APP,Android,Kinh doanh,Phóng viên,10.94.26.9
1521,thiha,Story,04:42:55 18/09/2026,APP,Android,Kinh doanh,Phóng viên,10.94.26.9
1522,thiha,Story,04:42:44 18/09/2026,APP,Android,Kinh doanh,Phóng viên,10.94.26.9
1523,thiha,Story,04:42:33 18/09/2026,APP,Android,Kinh doanh,Phóng viên,10.94.26.9
1524,thiha,Story,04:42:22 18/09/2026,APP,Android,Kinh doanh,Phóng viên,10.94.26.9
1525,thiha,Story,04:42:10 18/09/2026,APP,Android,Kinh doanh,Phóng viên,10.94.26.9
1526,thiha,Story,04:41:59 18/09/2026,APP,Android,Kinh doanh,Phóng viên,10.94.26.9
1527,thiha,Story,04:41:48 18/09/2026,APP,Android,Kinh doanh,Phóng viên,10.94.26.9
1528,thiha,Story,04:41:37 18/09/2026,APP,Android,Kinh doanh,Phóng viên,10.94.26.9
1529,thiha,Story,04:41:25 18/09/2026,APP,Android,Kinh doanh,Phóng viên,10.94.26.9
1530,thiha,Story,04:41:14 18/09/2026,APP,Android,Kinh doanh,Phóng viên,10.94.26.9
1531,thiha,Story,04:41:03 18/09/2026,APP,Android,Kinh doanh,Phóng viên,10.94.26.9
1532,thiha,Story,04:40:52 18/09/2026,APP,Android,Kinh doanh,Phóng viên,10.94.26.9
1533,thiha,Story,04:40:40 18/09/2026,APP,Android,Kinh doanh,Phóng viên,10.94.26.9
1534,thiha,Story,04:40:29 18/09/2026,APP,Android,Kinh doanh,Phóng viên,10.94.26.9
1535,thiha,Story,04:40:18 18/09/2026,APP,Android,Kinh doanh,Phóng viên,10.94.26.9
1536,thiha,Story,04:40:07 18/09/2026,APP,Android,Kinh doanh,Phóng viên,10.94.26.9
1537,thiha,Story,04:39:55 18/09/2026,APP,Android,Kinh doanh,Phóng viên,10.94.26.9
1538,thiha,Story,04:39:44 18/09/2026,APP,Android,Kinh doanh,Phóng viên,10.94.26.9
1539,thiha,Story,04:39:33 18/09/2026,APP,Android,Kinh doanh,Phóng viên,10.94.26.9
1540,thiha,Story,04:39:22 18/09/2026,APP,Android,Kinh doanh,Phóng viên,10.94.26.9
1541,thiha,Story,04:39:10 18/09/2026,APP,Android,Kinh doanh,Phóng viên,10.94.26.9
1542,thiha,Story,04:38:59 18/09/2026,APP,Android,Kinh doanh,Phóng viên,10.94.26.9
1543,thiha,Story,04:38:48 18/09/2026,APP,Android,Kinh doanh,Phóng viên,10.94.26.9
1544,thiha,Story,04:38:37 18/09/2026,APP,Android,Kinh doanh,Phóng viên,10.94.26.9
1545,thiha,Story,04:38:25 18/09/2026,APP,Android,Kinh doanh,Phóng viên,10.94.26.9
1546,thiha,Story,04:38:14 18/09/2026,APP,Android,Kinh doanh,Phóng viên,10.94.26.9
1547,thiha,Story,04:38:03 18/09/2026,APP,Android,Kinh doanh,Phóng viên,10.94.26.9
1548,thiha,Story,04:37:52 18/09/2026,APP,Android,Kinh doanh,Phóng viên,10.94.26.9
1549,thiha,Story,04:37:40 18/09/2026,APP,Android,Kinh doanh,Phóng viên,10.94.26.9
1550,thiha,Story,04:37:29 18/09/2026,APP,Android,Kinh doanh,Phóng viên,10.94.26.9
1551,thiha,Story,04:37:18 18/09/2026,APP,Android,Kinh doanh,Phóng viên,10.94.26.9
1552,thiha,Story,04:37:07 18/09/2026,APP,Android,Kinh doanh,Phóng viên,10.94.26.9
1553,thiha,Story,04:36:55 18/09/2026,APP,Android,Kinh doanh,Phóng viên,10.94.26.9
1554,thiha,Story,04:36:44 18/09/2026,APP,Android,Kinh doanh,Phóng viên,10.94.26.9
1555,thiha,Story,04:36:33 18/09/2026,APP,Android,Kinh doanh,Phóng viên,10.94.26.9
1556,thiha,Story,04:36:22 18/09/2026,APP,Android,Kinh doanh,Phóng viên,10.94.26.9
1557,thiha,Story,04:36:10 18/09/2026,APP,Android,Kinh doanh,Phóng viên,10.94.26.9
1558,thiha,Story,04:35:59 18/09/2026,APP,Android,Kinh doanh,Phóng viên,10.94.26.9
1559,thiha,Story,04:35:48 18/09/2026,APP,Android,Kinh doanh,Phóng viên,10.94.26.9
1560,thiha,Story,04:35:37 18/09/2026,APP,Android,Kinh doanh,Phóng viên,10.94.26.9
1561,thiha,Story,04:35:25 18/09/2026,APP,Android,Kinh doanh,Phóng viên,10.94.26.9
1562,thiha,Story,04:35:14 18/09/2026,APP,Android,Kinh doanh,Phóng viên,10.94.26.9
1563,thiha,Story,04:35:03 18/09/2026,APP,Android,Kinh doanh,Phóng viên,10.94.26.9
1564,thiha,Story,04:34:52 18/09/2026,APP,Android,Kinh doanh,Phóng viên,10.94.26.9
1565,thiha,Story,04:34:40 18/09/2026,APP,Android,Kinh doanh,Phóng viên,10.94.26.9
1566,thiha,Story,04:34:29 18/09/2026,APP,Android,Kinh doanh,Phóng viên,10.94.26.9
1567,thiha,Story,04:34:18 18/09/2026,APP,Android,Kinh doanh,Phóng viên,10.94.26.9
1568,thiha,Story,04:34:07 18/09/2026,APP,Android,Kinh doanh,Phóng viên,10.94.26.9
1569,thiha,Story,04:33:55 18/09/2026,APP,Android,Kinh doanh,Phóng viên,10.94.26.9
1570,thiha,Story,04:33:44 18/09/2026,APP,Android,Kinh doanh,Phóng viên,10.94.26.9
1571,thiha,Story,04:33:33 18/09/2026,APP,Android,Kinh doanh,Phóng viên,10.94.26.9
1572,thiha,Story,04:33:22 18/09/2026,APP,Android,Kinh doanh,Phóng viên,10.94.26.9
1573,thiha,Story,04:33:10 18/09/2026,APP,Android,Kinh doanh,Phóng viên,10.94.26.9
1574,thiha,Story,04:32:59 18/09/2026,APP,Android,Kinh doanh,Phóng viên,10.94.26.9
1575,thiha,Story,04:32:48 18/09/2026,APP,Android,Kinh doanh,Phóng viên,10.94.26.9
1576,thiha,Story,04:32:37 18/09/2026,APP,Android,Kinh doanh,Phóng viên,10.94.26.9
1577,thiha,Story,04:32:25 18/09/2026,APP,Android,Kinh doanh,Phóng viên,10.94.26.9
1578,thiha,Story,04:32:14 18/09/2026,APP,Android,Kinh doanh,Phóng viên,10.94.26.9
1579,thiha,Story,04:32:03 18/09/2026,APP,Android,Kinh doanh,Phóng viên,10.94.26.9
1580,thiha,Story,04:31:52 18/09/2026,APP,Android,Kinh doanh,Phóng viên,10.94.26.9
1581,thiha,Story,04:31:40 18/09/2026,APP,Android,Kinh doanh,Phóng viên,10.94.26.9
1582,thiha,Story,04:31:29 18/09/2026,APP,Android,Kinh doanh,Phóng viên,10.94.26.9
1583,thiha,Story,04:31:18 18/09/2026,APP,Android,Kinh doanh,Phóng viên,10.94.26.9
1584,thiha,Story,04:31:07 18/09/2026,APP,Android,Kinh doanh,Phóng viên,10.94.26.9
1585,thiha,Story,04:30:55 18/09/2026,APP,Android,Kinh doanh,Phóng viên,10.94.26.9
1586,thiha,Story,04:30:44 18/09/2026,APP,Android,Kinh doanh,Phóng viên,10.94.26.9
1587,thiha,Story,04:30:33 18/09/2026,APP,Android,Kinh doanh,Phóng viên,10.94.26.9
1588,thiha,Story,04:30:22 18/09/2026,APP,Android,Kinh doanh,Phóng viên,10.94.26.9
1589,thiha,Story,04:30:10 18/09/2026,APP,Android,Kinh doanh,Phóng viên,10.94.26.9
1590,thiha,Story,04:29:59 18/09/2026,APP,Android,Kinh doanh,Phóng viên,10.94.26.9
1591,thiha,Story,04:29:48 18/09/2026,APP,Android,Kinh doanh,Phóng viên,10.94.26.9
1592,thiha,Story,04:29:37 18/09/2026,APP,Android,Kinh doanh,Phóng viên,10.94.26.9
1593,thiha,Story,04:29:25 18/09/2026,APP,Android,Kinh doanh,Phóng viên,10.94.26.9
1594,thiha,Story,04:29:14 18/09/2026,APP,Android,Kinh doanh,Phóng viên,10.94.26.9
1595,thiha,Story,04:29:03 18/09/2026,APP,Android,Kinh doanh,Phóng viên,10.94.26.9
1596,thiha,Story,04:28:52 18/09/2026,APP,Android,Kinh doanh,Phóng viên,10.94.26.9
1597,thiha,Story,04:28:40 18/09/2026,APP,Android,Kinh doanh,Phóng viên,10.94.26.9
1598,thiha,Story,04:28:29 18/09/2026,APP,Android,Kinh doanh,Phóng viên,10.94.26.9
1599,thiha,Story,04:28:18 18/09/2026,APP,Android,Kinh doanh,Phóng viên,10.94.26.9
1600,thiha,Story,04:28:07 18/09/2026,APP,Android,Kinh doanh,Phóng viên,10.94.26.9
1601,thiha,Story,04:27:55 18/09/2026,APP,Android,Kinh doanh,Phóng viên,10.94.26.9
1602,thiha,Story,04:27:44 18/09/2026,APP,Android,Kinh doanh,Phóng viên,10.94.26.9
1603,thiha,Story,04:27:33 18/09/2026,APP,Android,Kinh doanh,Phóng viên,10.94.26.9
1604,thiha,Story,04:27:22 18/09/2026,APP,Android,Kinh doanh,Phóng viên,10.94.26.9
1605,thiha,Story,04:27:10 18/09/2026,APP,Android,Kinh doanh,Phóng viên,10.94.26.9
1606,thiha,Story,04:26:59 18/09/2026,APP,Android,Kinh doanh,Phóng viên,10.94.26.9
1607,thiha,Story,04:26:48 18/09/2026,APP,Android,Kinh doanh,Phóng viên,10.94.26.9
1608,thiha,Story,04:26:37 18/09/2026,APP,Android,Kinh doanh,Phóng viên,10.94.26.9
1609,thiha,Story,04:26:25 18/09/2026,APP,Android,Kinh doanh,Phóng viên,10.94.26.9
1610,thiha,Story,04:26:14 18/09/2026,APP,Android,Kinh doanh,Phóng viên,10.94.26.9
1611,thiha,Story,04:26:03 18/09/2026,APP,Android,Kinh doanh,Phóng viên,10.94.26.9
1612,thiha,Story,04:25:52 18/09/2026,APP,Android,Kinh doanh,Phóng viên,10.94.26.9
1613,thiha,Story,04:25:40 18/09/2026,APP,Android,Kinh doanh,Phóng viên,10.94.26.9
1614,thiha,Story,04:25:29 18/09/2026,APP,Android,Kinh doanh,Phóng viên,10.94.26.9
1615,thiha,Story,04:25:18 18/09/2026,APP,Android,Kinh doanh,Phóng viên,10.94.26.9
1616,thiha,Story,04:25:07 18/09/2026,APP,Android,Kinh doanh,Phóng viên,10.94.26.9
1617,thiha,Story,04:24:55 18/09/2026,APP,Android,Kinh doanh,Phóng viên,10.94.26.9
1618,thiha,Story,04:24:44 18/09/2026,APP,Android,Kinh doanh,Phóng viên,10.94.26.9
1619,thiha,Story,04:24:33 18/09/2026,APP,Android,Kinh doanh,Phóng viên,10.94.26.9
1620,thiha,Story,04:24:22 18/09/2026,APP,Android,Kinh doanh,Phóng viên,10.94.26.9
1621,thiha,Story,04:24:10 18/09/2026,APP,Android,Kinh doanh,Phóng viên,10.94.26.9
1622,thiha,Story,04:23:59 18/09/2026,APP,Android,Kinh doanh,Phóng viên,10.94.26.9
1623,thiha,Story,04:23:48 18/09/2026,APP,Android,Kinh doanh,Phóng viên,10.94.26.9
1624,thiha,Story,04:23:37 18/09/2026,APP,Android,Kinh doanh,Phóng viên,10.94.26.9
1625,thiha,Story,04:23:25 18/09/2026,APP,Android,Kinh doanh,Phóng viên,10.94.26.9
1626,thiha,Story,04:23:14 18/09/2026,APP,Android,Kinh doanh,Phóng viên,10.94.26.9
1627,thiha,Story,04:23:03 18/09/2026,APP,Android,Kinh doanh,Phóng viên,10.94.26.9
1628,thiha,Story,04:22:52 18/09/2026,APP,Android,Kinh doanh,Phóng viên,10.94.26.9
1629,thiha,Story,04:22:40 18/09/2026,APP,Android,Kinh doanh,Phóng viên,10.94.26.9
1630,thiha,Story,04:22:29 18/09/2026,APP,Android,Kinh doanh,Phóng viên,10.94.26.9
1631,thiha,Story,04:22:18 18/09/2026,APP,Android,Kinh doanh,Phóng viên,10.94.26.9
1632,thiha,Story,04:22:07 18/09/2026,APP,Android,Kinh doanh,Phóng viên,10.94.26.9
1633,thiha,Story,04:21:55 18/09/2026,APP,Android,Kinh doanh,Phóng viên,10.94.26.9
1634,thiha,Story,04:21:44 18/09/2026,APP,Android,Kinh doanh,Phóng viên,10.94.26.9
1635,thiha,Story,04:21:33 18/09/2026,APP,Android,Kinh doanh,Phóng viên,10.94.26.9
1636,thiha,Story,04:21:22 18/09/2026,APP,Android,Kinh doanh,Phóng viên,10.94.26.9
1637,thiha,Story,04:21:10 18/09/2026,APP,Android,Kinh doanh,Phóng viên,10.94.26.9
1638,thiha,Story,04:20:59 18/09/2026,APP,Android,Kinh doanh,Phóng viên,10.94.26.9
1639,thiha,Story,04:20:48 18/09/2026,APP,Android,Kinh doanh,Phóng viên,10.94.26.9
1640,thiha,Story,04:20:37 18/09/2026,APP,Android,Kinh doanh,Phóng viên,10.94.26.9
1641,thiha,Story,04:20:25 18/09/2026,APP,Android,Kinh doanh,Phóng viên,10.94.26.9
1642,thiha,Story,04:20:14 18/09/2026,APP,Android,Kinh doanh,Phóng viên,10.94.26.9
1643,thiha,Story,04:20:03 18/09/2026,APP,Android,Kinh doanh,Phóng viên,10.94.26.9
1644,thiha,Story,04:19:52 18/09/2026,APP,Android,Kinh doanh,Phóng viên,10.94.26.9
1645,thiha,Story,04:19:40 18/09/2026,APP,Android,Kinh doanh,Phóng viên,10.94.26.9
1646,thiha,Story,04:19:29 18/09/2026,APP,Android,Kinh doanh,Phóng viên,10.94.26.9
1647,thiha,Story,04:19:18 18/09/2026,APP,Android,Kinh doanh,Phóng viên,10.94.26.9
1648,thiha,Story,04:19:07 18/09/2026,APP,Android,Kinh doanh,Phóng viên,10.94.26.9
1649,thiha,Story,04:18:55 18/09/2026,APP,Android,Kinh doanh,Phóng viên,10.94.26.9
1650,thiha,Story,04:18:44 18/09/2026,APP,Android,Kinh doanh,Phóng viên,10.94.26.9
1651,thiha,Story,04:18:33 18/09/2026,APP,Android,Kinh doanh,Phóng viên,10.94.26.9
1652,thiha,Story,04:18:22 18/09/2026,APP,Android,Kinh doanh,Phóng viên,10.94.26.9
1653,thiha,Story,04:18:10 18/09/2026,APP,Android,Kinh doanh,Phóng viên,10.94.26.9
1654,thiha,Story,04:17:59 18/09/2026,APP,Android,Kinh doanh,Phóng viên,10.94.26.9
1655,thiha,Story,04:17:48 18/09/2026,APP,Android,Kinh doanh,Phóng viên,10.94.26.9
1656,thiha,Story,04:17:37 18/09/2026,APP,Android,Kinh doanh,Phóng viên,10.94.26.9
1657,thiha,Story,04:17:25 18/09/2026,APP,Android,Kinh doanh,Phóng viên,10.94.26.9
1658,thiha,Story,04:17:14 18/09/2026,APP,Android,Kinh doanh,Phóng viên,10.94.26.9
1659,thiha,Story,04:17:03 18/09/2026,APP,Android,Kinh doanh,Phóng viên,10.94.26.9
1660,thiha,Story,04:16:52 18/09/2026,APP,Android,Kinh doanh,Phóng viên,10.94.26.9
1661,thiha,Story,04:16:40 18/09/2026,APP,Android,Kinh doanh,Phóng viên,10.94.26.9
1662,thiha,Story,04:16:29 18/09/2026,APP,Android,Kinh doanh,Phóng viên,10.94.26.9
1663,thiha,Story,04:16:18 18/09/2026,APP,Android,Kinh doanh,Phóng viên,10.94.26.9
1664,thiha,Story,04:16:07 18/09/2026,APP,Android,Kinh doanh,Phóng viên,10.94.26.9
1665,thiha,Story,04:15:55 18/09/2026,APP,Android,Kinh doanh,Phóng viên,10.94.26.9
1666,thiha,Story,04:15:44 18/09/2026,APP,Android,Kinh doanh,Phóng viên,10.94.26.9
1667,thiha,Story,04:15:33 18/09/2026,APP,Android,Kinh doanh,Phóng viên,10.94.26.9
1668,thiha,Story,04:15:22 18/09/2026,APP,Android,Kinh doanh,Phóng viên,10.94.26.9
1669,thiha,Story,04:15:10 18/09/2026,APP,Android,Kinh doanh,Phóng viên,10.94.26.9
1670,thiha,Story,04:14:59 18/09/2026,APP,Android,Kinh doanh,Phóng viên,10.94.26.9
1671,thiha,Story,04:14:48 18/09/2026,APP,Android,Kinh doanh,Phóng viên,10.94.26.9
1672,thiha,Story,04:14:37 18/09/2026,APP,Android,Kinh doanh,Phóng viên,10.94.26.9
1673,thiha,Story,04:14:25 18/09/2026,APP,Android,Kinh doanh,Phóng viên,10.94.26.9
1674,thiha,Story,04:14:14 18/09/2026,APP,Android,Kinh doanh,Phóng viên,10.94.26.9
1675,thiha,Story,04:14:03 18/09/2026,APP,Android,Kinh doanh,Phóng viên,10.94.26.9
1676,thiha,Story,04:13:52 18/09/2026,APP,Android,Kinh doanh,Phóng viên,10.94.26.9
1677,thiha,Story,04:13:40 18/09/2026,APP,Android,Kinh doanh,Phóng viên,10.94.26.9
1678,thiha,Story,04:13:29 18/09/2026,APP,Android,Kinh doanh,Phóng viên,10.94.26.9
1679,thiha,Story,04:13:18 18/09/2026,APP,Android,Kinh doanh,Phóng viên,10.94.26.9
1680,thiha,Story,04:13:07 18/09/2026,APP,Android,Kinh doanh,Phóng viên,10.94.26.9
1681,thiha,Story,04:12:55 18/09/2026,APP,Android,Kinh doanh,Phóng viên,10.94.26.9
1682,thiha,Story,04:12:44 18/09/2026,APP,Android,Kinh doanh,Phóng viên,10.94.26.9
1683,thiha,Story,04:12:33 18/09/2026,APP,Android,Kinh doanh,Phóng viên,10.94.26.9
1684,thiha,Story,04:12:22 18/09/2026,APP,Android,Kinh doanh,Phóng viên,10.94.26.9
1685,thiha,Story,04:12:10 18/09/2026,APP,Android,Kinh doanh,Phóng viên,10.94.26.9
1686,thiha,Story,04:11:59 18/09/2026,APP,Android,Kinh doanh,Phóng viên,10.94.26.9
1687,thiha,Story,04:11:48 18/09/2026,APP,Android,Kinh doanh,Phóng viên,10.94.26.9
1688,thiha,Story,04:11:37 18/09/2026,APP,Android,Kinh doanh,Phóng viên,10.94.26.9
1689,thiha,Story,04:11:25 18/09/2026,APP,Android,Kinh doanh,Phóng viên,10.94.26.9
1690,thiha,Story,04:11:14 18/09/2026,APP,Android,Kinh doanh,Phóng viên,10.94.26.9
1691,thiha,Story,04:11:03 18/09/2026,APP,Android,Kinh doanh,Phóng viên,10.94.26.9
1692,thiha,Story,04:10:52 18/09/2026,APP,Android,Kinh doanh,Phóng viên,10.94.26.9
1693,thiha,Story,04:10:40 18/09/2026,APP,Android,Kinh doanh,Phóng viên,10.94.26.9
1694,thiha,Story,04:10:29 18/09/2026,APP,Android,Kinh doanh,Phóng viên,10.94.26.9
1695,thiha,Story,04:10:18 18/09/2026,APP,Android,Kinh doanh,Phóng viên,10.94.26.9
1696,thiha,Story,04:10:07 18/09/2026,APP,Android,Kinh doanh,Phóng viên,10.94.26.9
1697,thiha,Story,04:09:55 18/09/2026,APP,Android,Kinh doanh,Phóng viên,10.94.26.9
1698,thiha,Story,04:09:44 18/09/2026,APP,Android,Kinh doanh,Phóng viên,10.94.26.9
1699,thiha,Story,04:09:33 18/09/2026,APP,Android,Kinh doanh,Phóng viên,10.94.26.9
1700,thiha,Story,04:09:22 18/09/2026,APP,Android,Kinh doanh,Phóng viên,10.94.26.9
1701,thiha,Story,04:09:10 18/09/2026,APP,Android,Kinh doanh,Phóng viên,10.94.26.9
1702,thiha,Story,04:08:59 18/09/2026,APP,Android,Kinh doanh,Phóng viên,10.94.26.9
1703,thiha,Story,04:08:48 18/09/2026,APP,Android,Kinh doanh,Phóng viên,10.94.26.9
1704,thiha,Story,04:08:37 18/09/2026,APP,Android,Kinh doanh,Phóng viên,10.94.26.9
1705,thiha,Story,04:08:25 18/09/2026,APP,Android,Kinh doanh,Phóng viên,10.94.26.9
1706,thiha,Story,04:08:14 18/09/2026,APP,Android,Kinh doanh,Phóng viên,10.94.26.9
1707,thiha,Story,04:08:03 18/09/2026,APP,Android,Kinh doanh,Phóng viên,10.94.26.9
1708,thiha,Story,04:07:52 18/09/2026,APP,Android,Kinh doanh,Phóng viên,10.94.26.9
1709,thiha,Story,04:07:40 18/09/2026,APP,Android,Kinh doanh,Phóng viên,10.94.26.9
1710,thiha,Story,04:07:29 18/09/2026,APP,Android,Kinh doanh,Phóng viên,10.94.26.9
1711,thiha,Story,04:07:18 18/09/2026,APP,Android,Kinh doanh,Phóng viên,10.94.26.9
1712,thiha,Story,04:07:07 18/09/2026,APP,Android,Kinh doanh,Phóng viên,10.94.26.9
1713,thiha,Story,04:06:55 18/09/2026,APP,Android,Kinh doanh,Phóng viên,10.94.26.9
1714,thiha,Story,04:06:44 18/09/2026,APP,Android,Kinh doanh,Phóng viên,10.94.26.9
1715,thiha,Story,04:06:33 18/09/2026,APP,Android,Kinh doanh,Phóng viên,10.94.26.9
1716,thiha,Story,04:06:22 18/09/2026,APP,Android,Kinh doanh,Phóng viên,10.94.26.9
1717,thiha,Story,04:06:10 18/09/2026,APP,Android,Kinh doanh,Phóng viên,10.94.26.9
1718,thiha,Story,04:05:59 18/09/2026,APP,Android,Kinh doanh,Phóng viên,10.94.26.9
1719,thiha,Story,04:05:48 18/09/2026,APP,Android,Kinh doanh,Phóng viên,10.94.26.9
1720,thiha,Story,04:05:37 18/09/2026,APP,Android,Kinh doanh,Phóng viên,10.94.26.9
1721,thiha,Story,04:05:25 18/09/2026,APP,Android,Kinh doanh,Phóng viên,10.94.26.9
1722,thiha,Story,04:05:14 18/09/2026,APP,Android,Kinh doanh,Phóng viên,10.94.26.9
1723,thiha,Story,04:05:03 18/09/2026,APP,Android,Kinh doanh,Phóng viên,10.94.26.9
1724,thiha,Story,04:04:52 18/09/2026,APP,Android,Kinh doanh,Phóng viên,10.94.26.9
1725,thiha,Story,04:04:40 18/09/2026,APP,Android,Kinh doanh,Phóng viên,10.94.26.9
1726,thiha,Story,04:04:29 18/09/2026,APP,Android,Kinh doanh,Phóng viên,10.94.26.9
1727,thiha,Story,04:04:18 18/09/2026,APP,Android,Kinh doanh,Phóng viên,10.94.26.9
1728,thiha,Story,04:04:07 18/09/2026,APP,Android,Kinh doanh,Phóng viên,10.94.26.9
1729,thiha,Story,04:03:55 18/09/2026,APP,Android,Kinh doanh,Phóng viên,10.94.26.9
1730,thiha,Story,04:03:44 18/09/2026,APP,Android,Kinh doanh,Phóng viên,10.94.26.9
1731,thiha,Story,04:03:33 18/09/2026,APP,Android,Kinh doanh,Phóng viên,10.94.26.9
1732,thiha,Story,04:03:22 18/09/2026,APP,Android,Kinh doanh,Phóng viên,10.94.26.9
1733,thiha,Story,04:03:10 18/09/2026,APP,Android,Kinh doanh,Phóng viên,10.94.26.9
1734,thiha,Story,04:02:59 18/09/2026,APP,Android,Kinh doanh,Phóng viên,10.94.26.9
1735,thiha,Story,04:02:48 18/09/2026,APP,Android,Kinh doanh,Phóng viên,10.94.26.9
1736,thiha,Story,04:02:37 18/09/2026,APP,Android,Kinh doanh,Phóng viên,10.94.26.9
1737,thiha,Story,04:02:25 18/09/2026,APP,Android,Kinh doanh,Phóng viên,10.94.26.9
1738,thiha,Story,04:02:14 18/09/2026,APP,Android,Kinh doanh,Phóng viên,10.94.26.9
1739,thiha,Story,04:02:03 18/09/2026,APP,Android,Kinh doanh,Phóng viên,10.94.26.9
1740,thiha,Story,04:01:52 18/09/2026,APP,Android,Kinh doanh,Phóng viên,10.94.26.9
1741,thiha,Story,04:01:40 18/09/2026,APP,Android,Kinh doanh,Phóng viên,10.94.26.9
1742,thiha,Story,04:01:29 18/09/2026,APP,Android,Kinh doanh,Phóng viên,10.94.26.9
1743,thiha,Story,04:01:18 18/09/2026,APP,Android,Kinh doanh,Phóng viên,10.94.26.9
1744,thiha,Story,04:01:07 18/09/2026,APP,Android,Kinh doanh,Phóng viên,10.94.26.9
1745,thiha,Story,04:00:55 18/09/2026,APP,Android,Kinh doanh,Phóng viên,10.94.26.9
1746,thiha,Story,04:00:44 18/09/2026,APP,Android,Kinh doanh,Phóng viên,10.94.26.9
1747,thiha,Story,04:00:33 18/09/2026,APP,Android,Kinh doanh,Phóng viên,10.94.26.9
1748,thiha,Story,04:00:22 18/09/2026,APP,Android,Kinh doanh,Phóng viên,10.94.26.9
1749,thiha,Story,04:00:10 18/09/2026,APP,Android,Kinh doanh,Phóng viên,10.94.26.9
1750,thiha,Story,03:59:59 18/09/2026,APP,Android,Kinh doanh,Phóng viên,10.94.26.9
1751,thiha,Story,03:59:48 18/09/2026,APP,Android,Kinh doanh,Phóng viên,10.94.26.9
1752,thiha,Story,03:59:37 18/09/2026,APP,Android,Kinh doanh,Phóng viên,10.94.26.9
1753,thiha,Story,03:59:25 18/09/2026,APP,Android,Kinh doanh,Phóng viên,10.94.26.9
1754,thiha,Story,03:59:14 18/09/2026,APP,Android,Kinh doanh,Phóng viên,10.94.26.9
1755,thiha,Story,03:59:03 18/09/2026,APP,Android,Kinh doanh,Phóng viên,10.94.26.9
1756,thiha,Story,03:58:52 18/09/2026,APP,Android,Kinh doanh,Phóng viên,10.94.26.9
1757,thiha,Story,03:58:40 18/09/2026,APP,Android,Kinh doanh,Phóng viên,10.94.26.9